"item_id","name","icon_id","confirmations","status","updated_at"
1001,"Cloth Cap",639,5,"verified","2026-09-28 17:34:45"
1002,"Cloth Veil",677,5,"verified","2026-09-28 17:34:45"
1003,"Cloth Choker",500,5,"verified","2026-09-28 17:34:45"
1004,"Cloth Shirt",678,5,"verified","2026-09-28 17:34:45"
1005,"Cloth Shawl",665,5,"verified","2026-09-28 17:34:45"
1006,"Cloth Cape",656,5,"verified","2026-09-28 17:34:45"
1007,"Cloth Cord",572,5,"verified","2026-09-28 17:34:45"
1008,"Cloth Sleeves",670,5,"verified","2026-09-28 17:34:45"
1009,"Cloth Wristband",638,5,"verified","2026-09-28 17:34:45"
1010,"Cloth Gloves",517,5,"verified","2026-09-28 17:34:45"
1011,"Cloth Pants",631,4,"emerging","2026-09-28 17:34:45"
1012,"Cloth Sandals",666,5,"verified","2026-09-28 17:34:45"
1013,"Small Cloth Cap",639,5,"verified","2026-09-28 17:34:45"
1016,"Small Cloth Shirt",678,2,"emerging","2026-09-28 17:34:45"
1023,"Small Cloth Pants",631,3,"emerging","2026-09-28 17:34:45"
1025,"Large Cloth Cap",639,1,"unverified","2026-09-16 01:38:08"
1028,"Large Cloth Shirt",678,3,"emerging","2026-09-28 17:34:45"
1035,"Large Cloth Pants",631,2,"emerging","2026-09-16 01:38:08"
1068,"Holy Dirt of Brell",1075,4,"emerging","2026-09-28 17:34:45"
1069,"Fiery Jewel of the Underfoot",961,5,"verified","2026-09-28 17:34:45"
1070,"Speckled Granite Pebble",956,5,"verified","2026-09-28 17:34:45"
1071,"Living Heart of a Brell Minion",1003,4,"emerging","2026-09-28 17:34:45"
1072,"Blood Flecked Obsidian Shard",6478,2,"emerging","2026-09-16 01:38:08"
1073,"Dulled Silver Paineel Earring",1048,2,"emerging","2026-09-28 17:34:45"
1074,"Ruined Heretic Longsword",590,2,"emerging","2026-09-28 17:34:45"
1075,"Cracked Paineel Shield",805,1,"unverified","2026-09-16 01:38:08"
1076,"Ruined Sword Hilt",6770,2,"emerging","2026-09-16 02:35:05"
1077,"Gold Lined Heretic Cloak",0,2,"emerging","2026-09-28 17:34:19"
1103,"Netted Choker",500,1,"unverified","2026-09-16 01:38:08"
1105,"Netted Mantle",665,1,"unverified","2026-09-16 01:38:08"
1108,"Netted Sleeves",670,1,"unverified","2026-09-16 01:38:08"
1110,"Netted Gloves",517,1,"unverified","2026-09-16 01:38:08"
1111,"Netted Pants",631,2,"emerging","2026-09-28 17:34:45"
1121,"Woven Cap",640,1,"unverified","2026-09-28 17:34:45"
1122,"Woven Mask",677,1,"unverified","2026-09-16 01:38:08"
1124,"Woven Tunic",838,1,"unverified","2026-09-16 01:38:08"
1125,"Woven Mantle",668,2,"emerging","2026-09-28 17:34:45"
1127,"Woven Girth",564,1,"unverified","2026-09-16 01:38:08"
1129,"Woven Wristbands",637,1,"unverified","2026-09-28 17:34:45"
1130,"Woven Gloves",636,2,"emerging","2026-09-28 17:34:45"
1131,"Woven Leggings",635,1,"unverified","2026-09-16 01:38:08"
1141,"Mesh Helm",640,1,"unverified","2026-09-16 01:38:08"
1142,"Mesh Mask",677,2,"emerging","2026-09-16 01:38:08"
1143,"Mesh Gorget",643,1,"unverified","2026-09-16 01:38:08"
1144,"Mesh Tunic",838,2,"emerging","2026-09-16 01:38:08"
1145,"Mesh Mantle",668,1,"unverified","2026-09-16 01:38:08"
1146,"Mesh Cape",660,3,"emerging","2026-09-16 01:38:08"
1147,"Mesh Girth",564,2,"emerging","2026-09-16 01:38:08"
1148,"Mesh Armbands",634,3,"emerging","2026-09-16 01:38:08"
1149,"Mesh Bracers",637,3,"emerging","2026-09-28 17:34:45"
1150,"Mesh Gauntlets",636,1,"unverified","2026-09-16 01:38:08"
1151,"Mesh Leggings",635,3,"emerging","2026-09-16 01:38:08"
1201,"Shiverback-Hide Jerkin",838,1,"unverified","2026-09-28 17:34:45"
1202,"Shiverback-Hide Armbands",634,5,"verified","2026-09-28 17:34:45"
1203,"Shiverback-Hide Wristbands",637,5,"verified","2026-09-28 17:34:45"
1204,"Shiverback-Hide Gloves",636,1,"unverified","2026-09-28 17:34:45"
1205,"Shiverback-Hide Leggings",635,5,"verified","2026-09-28 17:34:45"
1206,"Shiverback-Hide Boots",633,1,"unverified","2026-09-28 17:34:45"
1212,"Cryosilk Veil",677,3,"emerging","2026-09-28 17:34:45"
1213,"Cryosilk Choker",643,2,"emerging","2026-09-28 17:34:45"
1215,"Cryosilk Amice",668,5,"verified","2026-09-28 17:34:45"
1216,"Cryosilk Cloak",660,4,"emerging","2026-09-28 17:34:45"
1217,"Cryosilk Sash",564,3,"emerging","2026-09-28 17:34:45"
1221,"Cryosilk Pantaloons",0,1,"unverified","2026-09-16 02:35:05"
1222,"Cryosilk Lined Shoes",633,3,"emerging","2026-09-28 17:34:45"
1225,"Carmine Turban",1121,4,"emerging","2026-09-28 17:34:45"
1226,"Carmine Robe",931,1,"unverified","2026-09-28 17:34:45"
1227,"Carmine Sleeves",634,3,"emerging","2026-09-28 17:34:45"
1228,"Carmine Trinket",1044,6,"verified","2026-09-28 17:34:45"
1229,"Carmine Gloves",636,2,"emerging","2026-09-28 17:34:45"
1230,"Carmine Pants",635,4,"emerging","2026-09-28 17:34:45"
1231,"Carmine Boots",633,1,"unverified","2026-09-28 17:34:45"
1232,"Blighted Skullcap",640,3,"emerging","2026-09-28 17:34:45"
1233,"Blighted Robe",1126,1,"unverified","2026-09-28 17:34:45"
1234,"Blighted Sleeves",634,4,"emerging","2026-09-28 17:34:45"
1235,"Blighted Armband",637,5,"verified","2026-09-28 17:34:45"
1236,"Blighted Gloves",636,2,"emerging","2026-09-28 17:34:45"
1237,"Blighted Trousers",655,3,"emerging","2026-09-28 17:34:45"
1238,"Blighted Boots",633,2,"emerging","2026-09-28 17:34:45"
1239,"Apothic Crown",523,3,"emerging","2026-09-28 17:34:45"
1240,"Apothic Robe",930,2,"emerging","2026-09-28 17:34:45"
1241,"Apothic Sleeves",634,4,"emerging","2026-09-28 17:34:45"
1242,"Apothic Warband",516,5,"verified","2026-09-28 17:34:45"
1243,"Apothic Gloves",636,4,"emerging","2026-09-28 17:34:45"
1244,"Apothic Kilt",843,4,"emerging","2026-09-28 17:34:45"
1245,"Apothic Boots",633,3,"emerging","2026-09-28 17:34:45"
1246,"Insidious Halo",1124,4,"emerging","2026-09-28 17:34:45"
1247,"Insidious Robe",838,4,"emerging","2026-09-28 17:34:45"
1248,"Insidious Sleeves",634,4,"emerging","2026-09-28 17:34:45"
1249,"Insidious Manacle",671,5,"verified","2026-09-28 17:34:45"
1250,"Insidious Gloves",636,3,"emerging","2026-09-28 17:34:45"
1251,"Insidious Pantaloons",635,3,"emerging","2026-09-28 17:34:45"
1252,"Insidious Slippers",666,2,"emerging","2026-09-28 17:34:45"
1271,"Al`Kabor's Cap of Binding",0,3,"emerging","2026-09-28 17:34:19"
1272,"Augmentor's Mask",0,2,"emerging","2026-09-28 17:34:19"
1273,"Raiment of Thunder",0,1,"unverified","2026-09-16 02:35:05"
1274,"Bracelet of Clarification",0,1,"unverified","2026-09-16 02:35:05"
1275,"Ivory Mask",0,3,"emerging","2026-09-28 17:34:19"
1276,"Wind Walker's Mantle",0,3,"emerging","2026-09-28 17:34:19"
1277,"Sphinx Hair Cord",0,1,"unverified","2026-09-16 08:43:58"
1278,"Cloak of Spiroc Feathers",0,3,"emerging","2026-09-28 17:34:19"
1279,"Bloodsoaked Raiment",0,3,"emerging","2026-09-28 17:34:19"
1280,"Sandals of Alacrity",0,3,"emerging","2026-09-28 17:34:19"
1281,"Ton Po's Eye Patch",0,3,"emerging","2026-09-28 17:34:19"
1283,"Ton Po's Shoulder Wraps",0,1,"unverified","2026-09-16 08:43:58"
1302,"Savant's Cap",641,2,"emerging","2026-09-16 08:43:58"
1304,"Gossamer Cap",640,1,"unverified","2026-09-16 01:38:08"
1306,"Gossamer Collar",643,1,"unverified","2026-09-16 01:38:08"
1307,"Gossamer Robe",838,4,"emerging","2026-09-28 17:34:45"
1308,"Gossamer Amice",668,1,"unverified","2026-09-16 01:38:08"
1309,"Gossamer Cape",660,2,"emerging","2026-09-16 01:38:08"
1310,"Gossamer Sash",564,1,"unverified","2026-09-16 01:38:08"
1311,"Gossamer Sleeves",634,1,"unverified","2026-09-16 01:38:08"
1313,"Gossamer Gloves",636,1,"unverified","2026-09-16 01:38:08"
1314,"Gossamer Leggings",635,1,"unverified","2026-09-16 01:38:08"
1320,"Flowing Black Robe",0,2,"emerging","2026-09-28 17:34:19"
1322,"Thaumaturgist's Robe",838,5,"verified","2026-09-28 17:34:45"
1331,"Damask Cap",640,2,"emerging","2026-09-28 17:34:45"
1332,"Damask Veil",677,3,"emerging","2026-09-28 17:34:45"
1333,"Damask Collar",643,4,"emerging","2026-09-28 17:34:45"
1334,"Damask Robe",838,4,"emerging","2026-09-16 08:43:58"
1335,"Damask Amice",668,2,"emerging","2026-09-16 01:38:08"
1336,"Damask Cape",660,4,"emerging","2026-09-28 17:34:45"
1337,"Damask Sash",564,4,"emerging","2026-09-28 17:34:45"
1338,"Damask Sleeves",634,2,"emerging","2026-09-28 17:34:45"
1339,"Damask Wristbands",637,3,"emerging","2026-09-16 01:38:08"
1340,"Damask Gloves",636,4,"emerging","2026-09-28 17:34:45"
1341,"Damask Leggings",635,4,"emerging","2026-09-28 17:34:45"
1342,"Soft Leather Shoes",633,3,"emerging","2026-09-16 01:38:08"
1343,"Festering Cloak",656,2,"emerging","2026-09-16 01:38:08"
1345,"Robe of the Keeper",0,1,"unverified","2026-09-28 17:34:45"
1360,"Shining Metallic Robes",929,4,"emerging","2026-09-28 17:34:45"
1362,"Embroidered Black Sleeves",670,2,"emerging","2026-09-28 17:34:45"
1364,"Braided Cinch Cord",572,5,"verified","2026-09-28 17:34:45"
1365,"Flowing Black Silk Sash",938,4,"emerging","2026-09-28 17:34:19"
1366,"Silversilk Leggings",631,5,"verified","2026-09-28 17:34:45"
1401,"Embroidered Black Cape",656,5,"verified","2026-09-28 17:34:45"
1402,"Gilded Cloth",664,1,"unverified","2026-09-16 01:38:08"
1407,"Cape of Midnight Mist",656,3,"emerging","2026-09-28 17:34:19"
1408,"Nightshade Wreath",1072,2,"emerging","2026-09-16 08:43:58"
1409,"Hooded Black Cloak",842,3,"emerging","2026-09-28 17:34:45"
1410,"Bloodstone Eyepatch",595,1,"unverified","2026-09-28 17:34:45"
1411,"Turquoise Eyepatch",0,1,"unverified","2026-09-16 08:43:58"
1412,"Green Silken Drape",940,3,"emerging","2026-09-28 17:34:45"
1468,"Dusty Burlap Hood",639,4,"emerging","2026-09-28 17:34:45"
1469,"Dusty Burlap Veil",677,4,"emerging","2026-09-28 17:34:45"
1470,"Dusty Burlap Collar",500,4,"emerging","2026-09-28 17:34:45"
1471,"Dusty Burlap Shirt",678,3,"emerging","2026-09-28 17:34:45"
1472,"Dusty Burlap Shawl",665,4,"emerging","2026-09-28 17:34:45"
1473,"Dusty Burlap Cape",656,4,"emerging","2026-09-28 17:34:45"
1474,"Dusty Burlap Cord",572,4,"emerging","2026-09-28 17:34:45"
1475,"Dusty Burlap Sleeves",670,4,"emerging","2026-09-28 17:34:45"
1476,"Dusty Burlap Wristband",638,4,"emerging","2026-09-28 17:34:45"
1477,"Dusty Burlap Gloves",517,4,"emerging","2026-09-28 17:34:45"
1478,"Dusty Burlap Pants",631,4,"emerging","2026-09-28 17:34:45"
1479,"Dusty Burlap Sandals",666,4,"emerging","2026-09-28 17:34:45"
1480,"Soft Wicker Helm",640,4,"emerging","2026-09-28 17:34:45"
1481,"Soft Wicker Mask",771,2,"emerging","2026-09-28 17:34:45"
1482,"Soft Wicker Gorget",643,4,"emerging","2026-09-28 17:34:45"
1483,"Soft Wicker Tunic",632,4,"emerging","2026-09-28 17:34:45"
1484,"Soft Wicker Shoulderpads",668,4,"emerging","2026-09-28 17:34:45"
1485,"Soft Wicker Cloak",660,3,"emerging","2026-09-28 17:34:45"
1486,"Soft Wicker Belt",564,4,"emerging","2026-09-28 17:34:45"
1487,"Soft Wicker Sleeves",634,4,"emerging","2026-09-28 17:34:45"
1488,"Soft Wicker Wristbands",637,4,"emerging","2026-09-28 17:34:45"
1489,"Soft Wicker Gloves",636,4,"emerging","2026-09-28 17:34:45"
1490,"Soft Wicker Leggings",635,4,"emerging","2026-09-28 17:34:45"
1491,"Soft Wicker Boots",633,4,"emerging","2026-09-28 17:34:45"
1492,"Bamboo Splint Coif",625,1,"unverified","2026-09-16 01:38:08"
1495,"Bamboo Splint Coat",538,1,"unverified","2026-09-16 01:38:08"
1497,"Bamboo Splint Cape",661,2,"emerging","2026-09-28 17:34:45"
1498,"Bamboo Splint Skirt",562,1,"unverified","2026-09-16 01:38:08"
1499,"Bamboo Splint Sleeves",543,1,"unverified","2026-09-16 01:38:08"
1504,"Bamboo Splint Bracelet",620,1,"unverified","2026-09-28 17:34:45"
1506,"Bamboo Splint Pants",540,1,"unverified","2026-09-28 17:34:45"
1507,"Bamboo Splint Boots",545,1,"unverified","2026-09-28 17:34:45"
1508,"Cold Iron Helm",550,2,"emerging","2026-09-28 17:34:45"
1510,"Cold Iron Collar",626,1,"unverified","2026-09-28 17:34:45"
1512,"Cold Iron Pauldron",798,1,"unverified","2026-09-28 17:34:45"
1516,"Cold Iron Gauntlets",531,1,"unverified","2026-09-28 17:34:45"
1518,"Cold Iron Boots",524,1,"unverified","2026-09-28 17:34:45"
1519,"Crown of the Forlorn",0,1,"unverified","2026-09-16 08:43:58"
1520,"Pit Fighter Handwraps",517,3,"emerging","2026-09-28 17:34:45"
1521,"Pit Fighter Anklewraps",666,1,"unverified","2026-09-28 17:34:45"
1523,"Shield of the Forlorn",676,1,"unverified","2026-09-28 17:34:45"
1524,"Bracer of the Forlorn",516,1,"unverified","2026-09-28 17:34:45"
1525,"Bathide Wristband",638,1,"unverified","2026-09-16 01:38:08"
1526,"Cloak of the Forlorn",656,1,"unverified","2026-09-16 01:38:08"
1527,"Neriak Ceremonial Robe",1126,7,"verified","2026-09-28 17:34:45"
1528,"Azzar's Dreadful Hat",1121,3,"emerging","2026-09-28 17:34:45"
1534,"Leatherfoot Sandals",558,4,"emerging","2026-09-28 17:34:45"
1535,"Brewer's Mesh Cloak",657,4,"emerging","2026-09-28 17:34:45"
1536,"Bloodstar Pendant",1049,4,"emerging","2026-09-28 17:34:45"
1537,"Skinner's Belt",563,3,"emerging","2026-09-28 17:34:45"
1538,"Earring of Bashing",752,3,"emerging","2026-09-16 08:43:58"
1539,"Triumphant Mask",1063,4,"emerging","2026-09-28 17:34:45"
1540,"Ring of Pureblood",880,3,"emerging","2026-09-28 17:34:45"
1541,"Hotof's Bracer",521,4,"emerging","2026-09-28 17:34:45"
1542,"Pauldrons of Power",668,4,"emerging","2026-09-28 17:34:45"
1543,"Icebelt",718,4,"emerging","2026-09-28 17:34:19"
1544,"Darkbrood Mask",770,4,"emerging","2026-09-28 17:34:45"
1545,"Engineer's Ring",616,4,"emerging","2026-09-28 17:34:45"
1546,"Cloak of Scales",657,4,"emerging","2026-09-28 17:34:45"
1594,"Pouch of Red Dust",582,3,"emerging","2026-09-28 17:34:45"
1595,"Thick Caustic Fluid",698,5,"verified","2026-09-28 17:34:45"
1641,"Loam Encrusted Cap",640,2,"emerging","2026-09-28 17:34:45"
1642,"Loam Encrusted Veil",677,1,"unverified","2026-09-28 17:34:45"
1643,"Loam Encrusted Choker",643,1,"unverified","2026-09-28 17:34:45"
1644,"Loam Encrusted Robe",838,4,"emerging","2026-09-28 17:34:45"
1646,"Loam Encrusted Cloak",660,1,"unverified","2026-09-28 17:34:45"
1647,"Loam Encrusted Sash",564,1,"unverified","2026-09-28 17:34:45"
1648,"Loam Encrusted Sleeves",634,4,"emerging","2026-09-28 17:34:45"
1649,"Loam Encrusted Bracelet",637,4,"emerging","2026-09-28 17:34:45"
1651,"Loam Encrusted Pantaloons",0,1,"unverified","2026-09-16 02:35:05"
1750,"Packmaster's Lash",0,1,"unverified","2026-09-16 08:43:58"
1753,"Brawler's Belt",563,2,"emerging","2026-09-28 17:34:45"
1755,"Uliorn's Fishing Pole",0,1,"unverified","2026-09-16 08:43:58"
1756,"Cast Iron Stein",0,1,"unverified","2026-09-16 08:43:58"
1757,"Soiled Evoker's Robe",941,1,"unverified","2026-09-16 01:38:08"
1759,"Helm of Ridossan",628,1,"unverified","2026-09-28 17:34:45"
1760,"Violet Flame Lantern",685,2,"emerging","2026-09-28 17:34:45"
1761,"Kobold Molar",802,4,"emerging","2026-09-28 17:34:45"
1767,"Krode's Shawl",662,1,"unverified","2026-09-16 01:38:08"
1871,"Ebon Scythe",579,3,"emerging","2026-09-28 17:34:19"
1876,"Silver Plated War Sword",906,3,"emerging","2026-09-16 08:43:58"
1880,"Pristine Studded Leather Tunic",632,7,"verified","2026-09-28 17:34:45"
1881,"Pristine Studded Leather Bracer",637,4,"emerging","2026-09-16 08:43:58"
1882,"Pristine Studded Leather Leggings",635,6,"verified","2026-09-28 17:34:45"
1883,"Pristine Studded Leather Boots",633,6,"verified","2026-09-28 17:34:45"
1884,"Pristine Studded Leather Sleeves",634,6,"verified","2026-09-28 17:34:45"
1885,"Pristine Studded Leather Gloves",636,6,"verified","2026-09-28 17:34:45"
1890,"Vial of Noble's Blood",1157,4,"emerging","2026-09-28 17:34:45"
1891,"Noble's Robes",929,4,"emerging","2026-09-28 17:34:45"
1903,"Cutthroat Insignia Ring",674,1,"unverified","2026-09-16 01:38:08"
2012,"Leather Boots",633,3,"emerging","2026-09-28 17:34:45"
2039,"Steel Torque",643,1,"unverified","2026-09-16 01:38:08"
2088,"Tiny Pouch of Bone Dice",0,1,"unverified","2026-09-28 17:34:19"
2137,"Raw-Hide Skullcap",640,5,"verified","2026-09-28 17:34:45"
2138,"Raw-Hide Mask",771,5,"verified","2026-09-28 17:34:45"
2139,"Raw-Hide Gorget",643,5,"verified","2026-09-28 17:34:45"
2140,"Raw-Hide Tunic",632,5,"verified","2026-09-28 17:34:45"
2141,"Raw-Hide Shoulderpads",668,5,"verified","2026-09-28 17:34:45"
2142,"Raw-Hide Cloak",660,5,"verified","2026-09-28 17:34:45"
2143,"Raw-Hide Belt",564,5,"verified","2026-09-28 17:34:45"
2144,"Raw-Hide Sleeves",634,4,"emerging","2026-09-28 17:34:45"
2145,"Raw-Hide Wristbands",637,5,"verified","2026-09-28 17:34:45"
2146,"Raw-Hide Gloves",636,5,"verified","2026-09-28 17:34:45"
2147,"Raw-Hide Leggings",635,5,"verified","2026-09-28 17:34:45"
2148,"Raw-Hide Boots",633,5,"verified","2026-09-28 17:34:45"
2280,"Split Paw Hide Gloves",636,4,"emerging","2026-09-16 02:02:27"
2281,"Split Paw Hide Tunic",632,4,"emerging","2026-09-28 17:34:19"
2282,"Split Paw Hide Mask",771,4,"emerging","2026-09-16 02:02:27"
2283,"Split Paw Hide Belt",564,5,"verified","2026-09-16 08:43:58"
2291,"Withered Leather Gloves",636,2,"emerging","2026-09-16 02:35:05"
2293,"Withered Leather Boots",0,1,"unverified","2026-09-16 02:35:05"
2294,"Withered Leather Skullcap",640,2,"emerging","2026-09-16 02:35:05"
2295,"Withered Leather Mask",0,2,"emerging","2026-09-28 17:34:19"
2296,"Withered Leather Gorget",0,2,"emerging","2026-09-28 17:34:19"
2299,"Legionnaire's Bracer",637,4,"emerging","2026-09-28 17:34:19"
2300,"Journeyman's Boots",0,1,"unverified","2026-09-16 08:43:58"
2301,"Bracers of Battle",637,2,"emerging","2026-09-16 01:38:08"
2304,"Spiked Collar",643,2,"emerging","2026-09-16 01:38:08"
2305,"Snakeskin Gloves",636,2,"emerging","2026-09-28 17:34:45"
2310,"Rusty Spiked Shoulderpads",0,1,"unverified","2026-09-28 17:34:19"
2311,"Leering Mask",771,2,"emerging","2026-09-16 02:35:05"
2316,"Studded Leather Collar",643,2,"emerging","2026-09-28 17:34:19"
2319,"Black Silk Gloves",636,4,"emerging","2026-09-28 17:34:45"
2330,"Lizardskin Tribal Mask",771,1,"unverified","2026-09-16 01:38:08"
2331,"Lizardscale Mantle",668,1,"unverified","2026-09-28 17:34:45"
2332,"Lizardscale Cloak",841,2,"emerging","2026-09-28 17:34:45"
2333,"Nightmare Hide",556,4,"emerging","2026-09-28 17:34:45"
2338,"Drakescale Belt",0,1,"unverified","2026-09-28 17:34:19"
2356,"Radiant Gloves",636,1,"unverified","2026-09-16 01:38:08"
2361,"Fire Goblin Skin",555,3,"emerging","2026-09-28 17:34:45"
2362,"Frost Goblin Skin",835,3,"emerging","2026-09-28 17:34:19"
2405,"Mithril-Runed Tunic",0,2,"emerging","2026-09-28 17:34:19"
2406,"Thick Banded Belt",549,2,"emerging","2026-09-28 17:34:45"
2413,"Hilt of the Nobleman",6770,1,"unverified","2026-09-16 01:38:08"
2427,"Preserved Hops",571,2,"emerging","2026-09-28 17:34:45"
2458,"Gatorscale Sleeves",0,1,"unverified","2026-09-16 08:43:58"
2465,"Elf-Hide Gloves",636,1,"unverified","2026-09-16 01:38:08"
2468,"Executioners Hood",664,4,"emerging","2026-09-28 17:34:45"
2469,"Guise of the Deceiver",771,4,"emerging","2026-09-28 17:34:45"
2470,"Thick Leather Apron",6037,1,"unverified","2026-09-16 01:38:08"
2500,"Girdle of the Diligent",549,2,"emerging","2026-09-28 17:34:45"
2501,"Dweamorvine Garland",1072,1,"unverified","2026-09-28 17:34:45"
2502,"Flayed Turmoilskin Belt",533,2,"emerging","2026-09-28 17:34:45"
2569,"Forlorn Totem of Rolfron Zek",894,2,"emerging","2026-09-16 08:43:58"
2703,"Griffon Wing Spaulders",0,2,"emerging","2026-09-28 17:34:19"
2704,"Pegasus-Hide Belt",0,2,"emerging","2026-09-16 08:43:58"
2705,"Nature Walker's Mantle",0,2,"emerging","2026-09-28 17:34:19"
2706,"Drake-Hide Mask",0,3,"emerging","2026-09-28 17:34:19"
2707,"Mask of Empowerment",0,3,"emerging","2026-09-28 17:34:19"
2708,"Drake-Hide Amice",0,2,"emerging","2026-09-28 17:34:19"
2714,"Earthshaker's Mantle",0,1,"unverified","2026-09-16 02:35:05"
2716,"Girdle of Faith",0,1,"unverified","2026-09-16 02:35:05"
2742,"Brell's Girdle",563,4,"emerging","2026-09-28 17:34:45"
2916,"Belt of the Pine",563,5,"verified","2026-09-28 17:34:45"
2917,"Belt of Tranquility",563,5,"verified","2026-09-28 17:34:45"
2918,"Belt of Iniquity",563,5,"verified","2026-09-28 17:34:45"
2919,"Belt of Virtue",563,6,"verified","2026-09-28 17:34:45"
2920,"Belt of Concordance",563,5,"verified","2026-09-28 17:34:45"
2921,"Belt of Contention",563,5,"verified","2026-09-28 17:34:45"
2922,"Belt of Transience",563,5,"verified","2026-09-28 17:34:45"
2923,"White Satin Gloves",517,6,"verified","2026-09-28 17:34:45"
2924,"Weight of the Gods",642,7,"verified","2026-09-28 17:34:45"
3042,"Blackened Iron Collar",627,3,"emerging","2026-09-28 17:34:45"
3043,"Blackened Iron Mail",538,3,"emerging","2026-09-28 17:34:45"
3044,"Blackened Iron Spaulder",668,3,"emerging","2026-09-28 17:34:45"
3045,"Sleek Black Cape",661,3,"emerging","2026-09-28 17:34:45"
3046,"Blackened Iron Waistband",562,3,"emerging","2026-09-28 17:34:45"
3047,"Blackened Iron Armplates",543,3,"emerging","2026-09-28 17:34:45"
3048,"Blackened Iron Bracers",620,3,"emerging","2026-09-28 17:34:45"
3049,"Blackened Iron Gloves",846,3,"emerging","2026-09-28 17:34:45"
3050,"Blackened Iron Legplates",845,3,"emerging","2026-09-28 17:34:45"
3051,"Blackened Iron Boots",844,3,"emerging","2026-09-28 17:34:45"
3101,"Ringmail Coif",625,5,"verified","2026-09-28 17:34:45"
3102,"Iron Visor",770,5,"verified","2026-09-28 17:34:45"
3103,"Ringmail Neckguard",627,5,"verified","2026-09-28 17:34:45"
3104,"Ringmail Coat",538,5,"verified","2026-09-28 17:34:45"
3105,"Ringmail Mantle",769,5,"verified","2026-09-28 17:34:45"
3106,"Ringmail Cape",661,5,"verified","2026-09-28 17:34:45"
3107,"Ringmail Skirt",562,4,"emerging","2026-09-28 17:34:45"
3108,"Ringmail Sleeves",543,5,"verified","2026-09-28 17:34:45"
3109,"Ringmail Bracelet",620,5,"verified","2026-09-28 17:34:45"
3110,"Ringmail Gloves",526,5,"verified","2026-09-28 17:34:45"
3111,"Ringmail Pants",540,6,"verified","2026-09-28 17:34:45"
3112,"Ringmail Boots",545,5,"verified","2026-09-28 17:34:45"
3119,"Small Ringmail Belt",562,5,"verified","2026-09-28 17:34:45"
3131,"Large Ringmail Belt",562,3,"emerging","2026-09-28 17:34:45"
3147,"Sejah Ghulam Bracer",0,1,"unverified","2026-09-28 17:34:19"
3164,"Ravenscale Chestguard",0,1,"unverified","2026-09-16 08:43:58"
3301,"Dwarven Ringmail Tunic",0,2,"emerging","2026-09-28 17:34:19"
3302,"Barbed Armplates",543,2,"emerging","2026-09-28 17:34:45"
3303,"Barbed Legplates",540,5,"verified","2026-09-28 17:34:45"
3307,"Brigandine Tunic",538,5,"verified","2026-09-28 17:34:45"
3309,"Bloodstained Mantle",769,2,"emerging","2026-09-16 08:43:58"
3310,"Dark Mail Gauntlets",530,5,"verified","2026-09-28 17:34:45"
3403,"Seahorse Scale Cloak",0,1,"unverified","2026-09-28 17:34:19"
3600,"Blackened Alloy Coif",523,2,"emerging","2026-09-28 17:34:45"
3601,"Blackened Alloy Collar",627,3,"emerging","2026-09-28 17:34:45"
3602,"Blackened Alloy Mail",538,3,"emerging","2026-09-28 17:34:45"
3603,"Blackened Alloy Spaulder",668,1,"unverified","2026-09-28 17:34:45"
3604,"Supple Black Cloak",661,2,"emerging","2026-09-28 17:34:45"
3605,"Blackened Alloy Waistband",562,2,"emerging","2026-09-16 01:38:08"
3606,"Blackened Alloy Armplates",543,3,"emerging","2026-09-28 17:34:45"
3607,"Blackened Alloy Bracers",620,3,"emerging","2026-09-28 17:34:45"
3608,"Blackened Alloy Gloves",846,2,"emerging","2026-09-28 17:34:45"
3609,"Blackened Alloy Legplates",845,3,"emerging","2026-09-28 17:34:45"
3611,"Black Alloy Girdle",563,3,"emerging","2026-09-28 17:34:45"
3615,"Black Alloy Medallion",753,2,"emerging","2026-09-28 17:34:19"
3616,"Blackened Alloy Bastard Sword",0,2,"emerging","2026-09-28 17:34:19"
3617,"Blackened Alloy Longsword",590,4,"emerging","2026-09-28 17:34:19"
3621,"Dark Muslin Veil",677,1,"unverified","2026-09-28 17:34:45"
3626,"Dark Muslin Sash",564,2,"emerging","2026-09-28 17:34:45"
3630,"Dark Muslin Leggings",635,2,"emerging","2026-09-16 01:38:08"
3801,"Vermiculated Crown",523,3,"emerging","2026-09-28 17:34:45"
3802,"Vermiculated Tunic",538,2,"emerging","2026-09-28 17:34:45"
3803,"Vermiculated Armplates",543,4,"emerging","2026-09-28 17:34:45"
3804,"Vermiculated Bracelet",620,5,"verified","2026-09-28 17:34:45"
3805,"Vermiculated Gloves",846,2,"emerging","2026-09-28 17:34:45"
3806,"Vermiculated Leggings",845,4,"emerging","2026-09-28 17:34:45"
3807,"Vermiculated Boots",844,2,"emerging","2026-09-28 17:34:45"
4100,"Basalt Carapace",927,4,"emerging","2026-09-28 17:34:45"
4114,"Shin Gauntlets",846,4,"emerging","2026-09-16 02:02:27"
4116,"Shin Greaves",845,4,"emerging","2026-09-16 01:38:08"
4161,"Rubicite Helm",0,1,"unverified","2026-09-28 17:34:19"
4164,"Rubicite Breastplate",0,2,"emerging","2026-09-28 17:34:19"
4171,"Rubicite Greaves",0,1,"unverified","2026-09-28 17:34:19"
4201,"Bronze Helm",550,5,"verified","2026-09-28 17:34:45"
4202,"Bronze Mask",772,4,"emerging","2026-09-28 17:34:45"
4203,"Bronze Collar",626,5,"verified","2026-09-28 17:34:45"
4204,"Bronze Breastplate",624,4,"emerging","2026-09-28 17:34:45"
4205,"Bronze Pauldron",798,5,"verified","2026-09-28 17:34:45"
4206,"Splinted Bronze Cloak",663,4,"emerging","2026-09-28 17:34:45"
4207,"Bronze Girdle",549,3,"emerging","2026-09-28 17:34:45"
4208,"Bronze Vambraces",622,5,"verified","2026-09-28 17:34:45"
4209,"Bronze Bracers",516,5,"verified","2026-09-28 17:34:45"
4210,"Bronze Gauntlets",531,5,"verified","2026-09-28 17:34:45"
4211,"Bronze Greaves",540,5,"verified","2026-09-28 17:34:45"
4212,"Bronze Boots",524,5,"verified","2026-09-28 17:34:45"
4219,"Small Bronze Girdle",549,4,"emerging","2026-09-28 17:34:45"
4231,"Large Plate Girdle",549,1,"unverified","2026-09-16 01:38:08"
4300,"Crested Helm",0,1,"unverified","2026-09-16 08:43:58"
4301,"Skull-Shaped Barbute",746,4,"emerging","2026-09-28 17:34:45"
4302,"Crested Spaulders",798,3,"emerging","2026-09-28 17:34:19"
4303,"Silver-Plated Bracer",516,1,"unverified","2026-09-28 17:34:45"
4304,"Symbol of Loyalty to Vox",0,1,"unverified","2026-09-28 17:34:19"
4309,"Mithril Breastplate",624,2,"emerging","2026-09-28 17:34:45"
4322,"Blood Sky Face Plate",0,2,"emerging","2026-09-28 17:34:19"
4341,"Golden Efreeti Turban",0,3,"emerging","2026-09-28 17:34:19"
4342,"Golden Efreeti Chestplate",624,3,"emerging","2026-09-28 17:34:19"
4343,"Golden Efreeti Vambraces",622,4,"emerging","2026-09-28 17:34:45"
4344,"Golden Efreeti Bracers",516,2,"emerging","2026-09-28 17:34:45"
4345,"Golden Efreeti Gauntlets",531,3,"emerging","2026-09-28 17:34:45"
4346,"Golden Efreeti Greaves",540,3,"emerging","2026-09-28 17:34:45"
4381,"Paineel Platemail Helm",746,1,"unverified","2026-09-16 01:38:08"
4382,"Paineel Steel Mask",772,2,"emerging","2026-09-28 17:34:45"
4385,"Paineel Steel Pauldron",798,1,"unverified","2026-09-16 01:38:08"
4386,"Paineel Splinted Cloak",663,1,"unverified","2026-09-16 01:38:08"
4387,"Paineel Plate Girdle",549,1,"unverified","2026-09-16 01:38:08"
4388,"Paineel Steel Vambraces",622,1,"unverified","2026-09-28 17:34:45"
4389,"Paineel Steel Bracers",516,1,"unverified","2026-09-16 01:38:08"
4390,"Paineel Plate Gauntlets",531,1,"unverified","2026-09-16 01:38:08"
4391,"Paineel Steel Greaves",540,1,"unverified","2026-09-16 01:38:08"
4394,"Imbued Granite Spaulders",798,1,"unverified","2026-09-16 01:38:08"
4402,"Adamantite Epaulets",798,3,"emerging","2026-09-28 17:34:45"
4403,"Enameled Black Chestplate",624,2,"emerging","2026-09-28 17:34:45"
4404,"Chestplate of the Dark Flame",0,1,"unverified","2026-09-16 08:43:58"
4405,"Carnal Pauldrons",798,4,"emerging","2026-09-28 17:34:45"
4406,"Runed Mithril Bracer",671,2,"emerging","2026-09-28 17:34:45"
4407,"Golden Efreeti Boots",764,4,"emerging","2026-09-28 17:34:45"
4408,"Golden Chitin Bracer",516,2,"emerging","2026-09-28 17:34:45"
4409,"Brown Chitin Protector",927,3,"emerging","2026-09-28 17:34:45"
4410,"Black Chitin Leggings",540,4,"emerging","2026-09-28 17:34:45"
4411,"Mithril Vambraces",623,3,"emerging","2026-09-28 17:34:19"
4412,"Mithril Greaves",0,2,"emerging","2026-09-28 17:34:19"
4501,"Polished Mithril Torque",1046,3,"emerging","2026-09-28 17:34:19"
4504,"Crown of King Tranix",0,1,"unverified","2026-09-28 17:34:19"
4505,"Polished Mithril Mask",772,4,"emerging","2026-09-28 17:34:19"
4831,"Lustrous Russet Helm",746,4,"emerging","2026-09-28 17:34:45"
4832,"Lustrous Russet Breastplate",624,3,"emerging","2026-09-28 17:34:45"
4833,"Lustrous Russet Vambraces",622,4,"emerging","2026-09-28 17:34:45"
4834,"Lustrous Russet Bracer",516,6,"verified","2026-09-28 17:34:45"
4835,"Lustrous Russet Gauntlets",531,6,"verified","2026-09-28 17:34:45"
4836,"Lustrous Russet Greaves",540,5,"verified","2026-09-28 17:34:45"
4837,"Lustrous Russet Boots",524,6,"verified","2026-09-28 17:34:45"
4841,"Umbral Platemail Helm",746,2,"emerging","2026-09-28 17:34:45"
4842,"Umbral Platemail Breastplate",624,2,"emerging","2026-09-28 17:34:45"
4843,"Umbral Platemail Vambraces",622,3,"emerging","2026-09-28 17:34:45"
4844,"Umbral Platemail Bracer",516,3,"emerging","2026-09-28 17:34:45"
4845,"Umbral Platemail Gauntlets",531,1,"unverified","2026-09-28 17:34:45"
4846,"Umbral Platemail Greaves",540,5,"verified","2026-09-28 17:34:45"
4847,"Umbral Platemail Boots",524,1,"unverified","2026-09-28 17:34:45"
4851,"Valorium Helmet",746,2,"emerging","2026-09-28 17:34:45"
4852,"Valorium Chestplate",624,3,"emerging","2026-09-28 17:34:45"
4853,"Valorium Vambraces",622,4,"emerging","2026-09-28 17:34:45"
4854,"Valorium Bracers",516,3,"emerging","2026-09-28 17:34:45"
4855,"Valorium Gauntlets",531,1,"unverified","2026-09-28 17:34:45"
4856,"Valorium Greaves",540,2,"emerging","2026-09-28 17:34:45"
4857,"Valorium Boots",524,1,"unverified","2026-09-28 17:34:45"
4861,"Imbrued Platemail Helm",746,4,"emerging","2026-09-28 17:34:45"
4862,"Imbrued Platemail Breastplate",624,4,"emerging","2026-09-28 17:34:45"
4863,"Imbrued Platemail Vambraces",622,6,"verified","2026-09-28 17:34:45"
4864,"Imbrued Platemail Bracer",516,4,"emerging","2026-09-28 17:34:45"
4865,"Imbrued Platemail Gauntlets",531,5,"verified","2026-09-28 17:34:45"
4866,"Imbrued Platemail Greaves",540,5,"verified","2026-09-28 17:34:45"
4867,"Imbrued Platemail Boots",524,4,"emerging","2026-09-28 17:34:45"
4871,"Rune Etched Helm",746,4,"emerging","2026-09-28 17:34:45"
4872,"Rune Etched Chestplate",624,1,"unverified","2026-09-28 17:34:45"
4873,"Rune Etched Vambraces",622,5,"verified","2026-09-28 17:34:45"
4874,"Rune Etched Bracer",516,7,"verified","2026-09-28 17:34:45"
4875,"Rune Etched Gauntlets",531,6,"verified","2026-09-28 17:34:45"
4876,"Rune Etched Greaves",540,5,"verified","2026-09-28 17:34:45"
4877,"Rune Etched Boots",524,5,"verified","2026-09-28 17:34:45"
4881,"Ethereal Mist Helm",746,2,"emerging","2026-09-28 17:34:45"
4882,"Ethereal Mist Chestplate",0,1,"unverified","2026-09-28 17:34:19"
4883,"Ethereal Mist Vambraces",622,5,"verified","2026-09-28 17:34:45"
4884,"Ethereal Mist Bracers",516,4,"emerging","2026-09-28 17:34:45"
4885,"Ethereal Mist Gauntlets",531,3,"emerging","2026-09-28 17:34:45"
4886,"Ethereal Mist Greaves",540,4,"emerging","2026-09-28 17:34:45"
4887,"Ethereal Mist Boots",524,2,"emerging","2026-09-28 17:34:45"
4891,"Thorny Vine Helm",746,3,"emerging","2026-09-28 17:34:45"
4892,"Thorny Vine Chestplate",624,1,"unverified","2026-09-28 17:34:45"
4893,"Thorny Vine Vambraces",622,5,"verified","2026-09-28 17:34:45"
4894,"Thorny Vine Bracer",516,4,"emerging","2026-09-28 17:34:45"
4895,"Thorny Vine Gauntlets",531,2,"emerging","2026-09-28 17:34:45"
4896,"Thorny Vine Greaves",540,5,"verified","2026-09-28 17:34:45"
4897,"Thorny Vine Boots",524,2,"emerging","2026-09-28 17:34:45"
4901,"Woven Shadow Helm",746,3,"emerging","2026-09-28 17:34:45"
4902,"Woven Shadow Chestplate",624,4,"emerging","2026-09-28 17:34:45"
4903,"Woven Shadow Vambraces",622,4,"emerging","2026-09-28 17:34:45"
4904,"Woven Shadow Bracer",516,6,"verified","2026-09-28 17:34:45"
4905,"Woven Shadow Gauntlets",531,3,"emerging","2026-09-28 17:34:45"
4906,"Woven Shadow Greaves",540,5,"verified","2026-09-28 17:34:45"
4907,"Woven Shadow Boots",524,2,"emerging","2026-09-28 17:34:45"
4911,"Indicolite Helm",746,5,"verified","2026-09-28 17:34:45"
4912,"Indicolite Breastplate",624,4,"emerging","2026-09-28 17:34:45"
4913,"Indicolite Vambraces",622,4,"emerging","2026-09-28 17:34:45"
4914,"Indicolite Bracer",516,5,"verified","2026-09-28 17:34:45"
4915,"Indicolite Gauntlets",531,5,"verified","2026-09-28 17:34:45"
4916,"Indicolite Greaves",540,3,"emerging","2026-09-28 17:34:45"
4917,"Indicolite Boots",524,4,"emerging","2026-09-28 17:34:45"
5001,"Short Sword",580,1,"unverified","2026-09-16 01:38:08"
5002,"Long Sword",590,1,"unverified","2026-09-16 01:38:08"
5010,"Scythe",579,4,"emerging","2026-09-28 17:34:45"
5013,"Rusty Short Sword",580,6,"verified","2026-09-28 17:34:45"
5014,"Rusty Axe",569,5,"verified","2026-09-28 17:34:45"
5015,"Rusty Scythe",579,4,"emerging","2026-09-28 17:34:45"
5016,"Rusty Broad Sword",605,5,"verified","2026-09-28 17:34:45"
5017,"Minotaur Battle Axe",569,2,"emerging","2026-09-16 01:38:08"
5019,"Rusty Long Sword",590,6,"verified","2026-09-28 17:34:45"
5020,"Rusty Battle Axe",569,5,"verified","2026-09-28 17:34:45"
5021,"Rusty Scimitar",604,5,"verified","2026-09-28 17:34:45"
5022,"Rusty Bastard Sword",577,5,"verified","2026-09-28 17:34:45"
5023,"Rusty Two Handed Sword",519,5,"verified","2026-09-28 17:34:45"
5024,"Rusty Halberd",736,5,"verified","2026-09-28 17:34:45"
5026,"Bronze Short Sword",580,5,"verified","2026-09-28 17:34:45"
5027,"Bronze Long Sword",590,5,"verified","2026-09-28 17:34:45"
5028,"Bronze Battle Axe",569,5,"verified","2026-09-28 17:34:45"
5029,"Bronze Bastard Sword",577,4,"emerging","2026-09-28 17:34:45"
5030,"Bronze Two Handed Sword",519,5,"verified","2026-09-28 17:34:45"
5031,"Bronze Halberd",736,1,"unverified","2026-09-16 01:38:08"
5032,"Bronze Axe",573,1,"unverified","2026-09-16 01:38:08"
5035,"Bronze Scythe",579,4,"emerging","2026-09-28 17:34:45"
5036,"Bronze Claymore",603,3,"emerging","2026-09-16 01:38:08"
5038,"Leather Whip",596,4,"emerging","2026-09-28 17:34:45"
5040,"Rusty Mining Pick",768,5,"verified","2026-09-28 17:34:45"
5058,"Cat o' Nine Tails",596,2,"emerging","2026-09-28 17:34:45"
5074,"Rusty Fer`Esh",1174,2,"emerging","2026-09-16 01:38:08"
5212,"Enchanted Fine Steel Long Sword",590,6,"verified","2026-09-28 17:34:45"
5213,"Enchanted Fine Steel Bastard Sword",577,4,"emerging","2026-09-28 17:34:45"
5214,"Enchanted Fine Steel Morning Star",741,6,"verified","2026-09-28 17:34:45"
5215,"Enchanted Fine Steel Great Staff",601,4,"emerging","2026-09-16 08:43:58"
5216,"Enchanted Fine Steel Rapier",762,6,"verified","2026-09-28 17:34:45"
5243,"Mammoth Calf Hide",555,1,"unverified","2026-09-16 01:38:08"
5312,"Bone Bladed Claymore",603,3,"emerging","2026-09-16 02:35:05"
5317,"Gnoll Hide Lariat",0,1,"unverified","2026-09-28 17:34:19"
5350,"Fine Steel Long Sword",590,5,"verified","2026-09-28 17:34:45"
5351,"Fine Steel Two Handed Sword",519,6,"verified","2026-09-28 17:34:45"
5352,"Fine Steel Short Sword",580,5,"verified","2026-09-28 17:34:45"
5353,"Fine Steel Scimitar",604,6,"verified","2026-09-28 17:34:45"
5358,"Blackened Iron Bastard Sword",577,2,"emerging","2026-09-16 01:38:08"
5374,"Reaper of the Dead",0,1,"unverified","2026-09-16 02:35:05"
5401,"Mithril Two-Handed Sword",0,1,"unverified","2026-09-16 08:43:58"
5404,"Dark Reaver",519,3,"emerging","2026-09-28 17:34:45"
5407,"Executioner's Axe",1164,3,"emerging","2026-09-28 17:34:19"
5410,"Painbringer",1165,4,"emerging","2026-09-28 17:34:19"
5411,"Fleshripper",568,2,"emerging","2026-09-28 17:34:19"
5412,"Razing Sword of Skarlon",0,2,"emerging","2026-09-28 17:34:19"
5430,"Blade of Abrogation",603,5,"verified","2026-09-28 17:34:45"
5500,"Short Sword of the Ykesha",1170,3,"emerging","2026-09-28 17:34:19"
5503,"Runed Falchion",1169,1,"unverified","2026-09-16 01:38:08"
5504,"SoulFire",0,1,"unverified","2026-09-28 17:34:19"
5519,"Theologian Claymore",603,4,"emerging","2026-09-28 17:34:45"
5520,"Amygdalan Tendril",596,2,"emerging","2026-09-28 17:34:45"
5522,"Revultant Whip",1132,2,"emerging","2026-09-28 17:34:45"
5523,"Fluxbladed Axe",569,2,"emerging","2026-09-28 17:34:45"
5531,"Earthen Blade",0,1,"unverified","2026-09-16 02:35:05"
5667,"Earthshaker",519,3,"emerging","2026-09-16 08:43:58"
5820,"Shimmering Ruby Stiletto",762,4,"emerging","2026-09-16 08:43:58"
6011,"Rusty Mace",578,5,"verified","2026-09-28 17:34:45"
6012,"Worn Great Staff",602,5,"verified","2026-09-28 17:34:45"
6013,"Rusty Two Handed Hammer",567,3,"emerging","2026-09-16 01:38:08"
6014,"Rusty Warhammer",567,5,"verified","2026-09-28 17:34:45"
6015,"Rusty Flail",741,1,"unverified","2026-09-16 01:38:08"
6016,"Rusty Morning Star",741,3,"emerging","2026-09-16 01:38:08"
6017,"Splintering Club",737,5,"verified","2026-09-28 17:34:45"
6018,"Cracked Staff",601,5,"verified","2026-09-28 17:34:45"
6019,"Bronze Mace",578,5,"verified","2026-09-28 17:34:45"
6022,"Bronze Warhammer",567,1,"unverified","2026-09-16 01:38:08"
6031,"Tarnished Warhammer",567,2,"emerging","2026-09-28 17:34:45"
6338,"Silver Wand",810,2,"emerging","2026-09-28 17:34:45"
6350,"Fine Steel Warhammer",581,6,"verified","2026-09-28 17:34:45"
6351,"Fine Steel Morning Star",741,6,"verified","2026-09-28 17:34:45"
6352,"Fine Steel Great Staff",602,5,"verified","2026-09-28 17:34:45"
6401,"Enameled Black Mace",578,6,"verified","2026-09-28 17:34:45"
6404,"Staff of Writhing",887,3,"emerging","2026-09-28 17:34:45"
6408,"Sharkbone Warhammer",567,2,"emerging","2026-09-16 01:38:08"
6411,"Shillelagh",0,1,"unverified","2026-09-16 02:35:05"
6500,"Darkmetal Holy Water Sprinkler",741,2,"emerging","2026-09-28 17:34:45"
6502,"Whitened Treant Fists",971,7,"verified","2026-09-28 17:34:45"
6691,"Mudman Enforcer",737,1,"unverified","2026-09-28 17:34:45"
6692,"Smoldering Brand",0,1,"unverified","2026-09-16 02:35:05"
6900,"Bronze Tanto",591,4,"emerging","2026-09-28 17:34:45"
6901,"Bronze Yari",1187,4,"emerging","2026-09-28 17:34:45"
6902,"Bronze Wakizashi",890,4,"emerging","2026-09-28 17:34:45"
6903,"Bronze Katana",890,4,"emerging","2026-09-28 17:34:45"
6904,"Bronze Kusarigama",781,4,"emerging","2026-09-28 17:34:45"
6905,"Bronze Naginata",1529,2,"emerging","2026-09-28 17:34:45"
6906,"Bronze Tachi",1169,3,"emerging","2026-09-28 17:34:45"
6907,"Bamboo Wakizashi Bo",601,6,"verified","2026-09-28 17:34:45"
6908,"Bamboo Bokken",601,6,"verified","2026-09-28 17:34:45"
6909,"Bamboo Tanto Bo",601,5,"verified","2026-09-28 17:34:45"
6910,"Bronze Tonfa",601,4,"emerging","2026-09-16 02:02:27"
6911,"Bronze Jutte",763,4,"emerging","2026-09-28 17:34:45"
6912,"Forlorn Naginata",0,1,"unverified","2026-09-16 08:43:58"
6914,"Runed Bokken",602,2,"emerging","2026-09-28 17:34:45"
6915,"Tiny Brass Shuriken",681,2,"emerging","2026-09-28 17:34:45"
6916,"Tiny Brass Tonto",592,1,"unverified","2026-09-16 01:38:08"
6917,"Batling Eye",885,1,"unverified","2026-09-16 01:38:08"
6918,"Ye Auld Ball Peen Hammer",567,2,"emerging","2026-09-28 17:34:45"
6921,"Blood Crusted Two-Handed Sword",519,2,"emerging","2026-09-28 17:34:45"
6922,"Globe of the Everburning Flame",507,4,"emerging","2026-09-28 17:34:45"
6923,"Bronze Shackle Key",0,2,"emerging","2026-09-28 17:34:45"
6924,"Damaged Gorilla Hide",554,1,"unverified","2026-09-16 01:38:08"
6926,"Patch of Gorilla Fur",556,1,"unverified","2026-09-16 01:38:08"
6941,"Fine Steel Jutte",763,1,"unverified","2026-09-16 01:38:08"
6944,"Leopard Fang",1137,1,"unverified","2026-09-16 01:38:08"
6945,"Leopard Skin",834,1,"unverified","2026-09-16 01:38:08"
7001,"Dagger",592,4,"emerging","2026-09-28 17:34:45"
7005,"Giant Snake Fang",801,4,"emerging","2026-09-28 17:34:19"
7007,"Rusty Dagger",592,5,"verified","2026-09-28 17:34:45"
7008,"Rusty Rapier",762,5,"verified","2026-09-28 17:34:45"
7009,"Rusty Spear",776,5,"verified","2026-09-28 17:34:45"
7010,"Rusty Shortened Spear",740,5,"verified","2026-09-28 17:34:45"
7012,"Bronze Dagger",592,5,"verified","2026-09-28 17:34:45"
7013,"Bronze Rapier",762,5,"verified","2026-09-28 17:34:45"
7014,"Bronze Spear",776,5,"verified","2026-09-28 17:34:45"
7015,"Bronze Main Gauche",763,5,"verified","2026-09-28 17:34:45"
7016,"Bronze Shortened Spear",740,5,"verified","2026-09-28 17:34:45"
7019,"Swordfish Bill",740,4,"emerging","2026-09-16 01:38:08"
7036,"Charred Dagger",592,3,"emerging","2026-09-28 17:34:45"
7037,"Ebon Dagger",592,3,"emerging","2026-09-28 17:34:45"
7047,"Dull Wooden Spear",776,2,"emerging","2026-09-16 01:38:08"
7049,"Tesch Val Sinisch",776,1,"unverified","2026-09-16 01:38:08"
7052,"Smithing Chisel",0,1,"unverified","2026-09-28 17:34:19"
7107,"Rotting Femur",905,3,"emerging","2026-09-28 17:34:45"
7257,"Serpent's Tooth",592,3,"emerging","2026-09-28 17:34:45"
7307,"Pugius",592,4,"emerging","2026-09-28 17:34:45"
7308,"Ashenwood Short Spear",740,2,"emerging","2026-09-28 17:34:19"
7312,"Stiletto of the Bloodclaw",575,3,"emerging","2026-09-28 17:34:19"
7314,"Runed Bone Fork",0,1,"unverified","2026-09-16 02:35:05"
7318,"Sacrificial Dagger",575,5,"verified","2026-09-28 17:34:45"
7323,"Dagger of Dropping",592,1,"unverified","2026-09-16 02:02:27"
7350,"Fine Steel Dagger",592,6,"verified","2026-09-28 17:34:45"
7351,"Fine Steel Spear",776,5,"verified","2026-09-28 17:34:45"
7352,"Fine Steel Rapier",762,6,"verified","2026-09-28 17:34:45"
7404,"Obsidian Shard",0,1,"unverified","2026-09-28 17:34:19"
7405,"Mithril Quill",755,1,"unverified","2026-09-16 01:38:08"
7406,"Shield of the Slain Unicorn",606,3,"emerging","2026-09-28 17:34:45"
7407,"Gloomwater Harpoon",1137,3,"emerging","2026-09-16 01:38:08"
7408,"Shark Tooth",803,1,"unverified","2026-09-16 01:38:08"
7502,"Serrated Bone Dirk",574,4,"emerging","2026-09-28 17:34:45"
7507,"Shrieking Ahlspiess",740,7,"verified","2026-09-28 17:34:45"
7508,"Eyerazzia",762,4,"emerging","2026-09-28 17:34:45"
7509,"Martune Rapier",762,2,"emerging","2026-09-28 17:34:45"
7817,"Anthemion Wristguard",637,4,"emerging","2026-09-28 17:34:45"
7818,"Anthemion Boots",633,1,"unverified","2026-09-28 17:34:45"
7819,"Anthemion Leggings",635,4,"emerging","2026-09-28 17:34:45"
7832,"Anthemion Gloves",636,2,"emerging","2026-09-28 17:34:45"
7833,"Anthemion Jerkin",632,1,"unverified","2026-09-28 17:34:45"
7834,"Anthemion Armbands",634,4,"emerging","2026-09-28 17:34:45"
7835,"Anthemion Skullcap",640,5,"verified","2026-09-28 17:34:45"
7882,"Fiery Ore",1138,3,"emerging","2026-09-28 17:34:19"
7885,"Imp Blood",1157,5,"verified","2026-09-28 17:34:45"
7886,"Essence of Fire",1076,5,"verified","2026-09-28 17:34:19"
8001,"Throwing Knife",591,2,"emerging","2026-09-16 01:38:08"
8005,"Arrow",598,4,"emerging","2026-09-28 17:34:45"
8011,"Hunting Bow",597,4,"emerging","2026-09-28 17:34:45"
8013,"Throwing Boulder",2015,7,"verified","2026-09-28 17:34:45"
8331,"Turmoil Warts",1106,5,"verified","2026-09-28 17:34:45"
8332,"Shuriken of the Tranquil",0,2,"emerging","2026-09-28 17:34:45"
8356,"Journal of Greater Enchantment",778,2,"emerging","2026-09-16 01:38:08"
8357,"Gnoll's Eye",886,1,"unverified","2026-09-16 01:38:08"
8716,"Gloomwater Arrow",598,4,"emerging","2026-09-16 08:43:58"
9001,"Buckler",759,5,"verified","2026-09-28 17:34:45"
9002,"Round Shield",542,2,"emerging","2026-09-16 01:38:08"
9004,"Kite Shield",676,2,"emerging","2026-09-28 17:34:45"
9006,"Wooden Shield",542,5,"verified","2026-09-28 17:34:45"
9008,"Parrying Dagger",592,5,"verified","2026-09-28 17:34:45"
9009,"Small Buckler",759,1,"unverified","2026-09-16 01:38:08"
9014,"Small Wooden Shield",542,1,"unverified","2026-09-16 01:38:08"
9025,"Devlas Ilkvel",676,1,"unverified","2026-09-16 01:38:08"
9129,"Brownie Leg",919,1,"unverified","2026-09-16 01:38:08"
9180,"Saltpeter",1075,2,"emerging","2026-09-16 01:38:08"
9240,"White Dragon Hide",0,1,"unverified","2026-09-28 17:34:19"
9310,"Crested Mistmoore Shield",976,1,"unverified","2026-09-28 17:34:45"
9351,"Chitin Shell Shield",970,1,"unverified","2026-09-16 01:38:08"
9403,"Trueheart Shield",805,1,"unverified","2026-09-28 17:34:45"
9404,"Nautilus Shield",974,3,"emerging","2026-09-28 17:34:45"
9405,"Prismatic Shield",972,4,"emerging","2026-09-28 17:34:45"
9406,"Runewood Shield",0,2,"emerging","2026-09-28 17:34:45"
9407,"Spitestone Shield",0,2,"emerging","2026-09-28 17:34:19"
9979,"A Worn Candle",0,1,"unverified","2026-09-16 02:35:05"
10000,"Lambent Stone",945,2,"emerging","2026-09-28 17:34:45"
10001,"Pearl Necklace",851,5,"verified","2026-09-28 17:34:45"
10002,"Pearl Earring",534,5,"verified","2026-09-28 17:34:45"
10003,"Pearl Ring",613,6,"verified","2026-09-28 17:34:45"
10004,"Copper Band",748,5,"verified","2026-09-28 17:34:45"
10005,"Silver Stud",544,4,"emerging","2026-09-28 17:34:45"
10006,"Silver Earring",544,5,"verified","2026-09-28 17:34:45"
10007,"Golden Earring",535,4,"emerging","2026-09-28 17:34:45"
10008,"Gold Ring",615,5,"verified","2026-09-28 17:34:45"
10009,"Bead Necklace",848,5,"verified","2026-09-28 17:34:45"
10010,"Copper Amulet",754,4,"emerging","2026-09-28 17:34:45"
10011,"Carnelian",960,6,"verified","2026-09-28 17:34:45"
10012,"Black Pearl",767,7,"verified","2026-09-28 17:34:19"
10014,"Gargoyle Eye",943,5,"verified","2026-09-28 17:34:45"
10015,"Malachite",944,3,"emerging","2026-09-28 17:34:45"
10016,"Lapis Lazuli",945,5,"verified","2026-09-28 17:34:45"
10017,"Turquoise",946,7,"verified","2026-09-28 17:34:19"
10018,"Hematite",767,6,"verified","2026-09-28 17:34:45"
10019,"Bloodstone",947,5,"verified","2026-09-28 17:34:45"
10020,"Jasper",949,7,"verified","2026-09-28 17:34:45"
10021,"Star Rose Quartz",950,5,"verified","2026-09-28 17:34:45"
10022,"Amber",951,7,"verified","2026-09-28 17:34:45"
10023,"Jade",952,7,"verified","2026-09-28 17:34:45"
10024,"Pearl",953,7,"verified","2026-09-28 17:34:45"
10025,"Topaz",954,7,"verified","2026-09-28 17:34:45"
10026,"Cat's Eye Agate",955,6,"verified","2026-09-28 17:34:45"
10027,"Onyx",956,6,"verified","2026-09-28 17:34:45"
10028,"Peridot",957,7,"verified","2026-09-28 17:34:45"
10029,"Emerald",958,6,"verified","2026-09-28 17:34:45"
10030,"Opal",959,6,"verified","2026-09-16 02:35:05"
10031,"Fire Opal",960,6,"verified","2026-09-28 17:34:19"
10032,"Star Ruby",961,6,"verified","2026-09-28 17:34:19"
10033,"Fire Emerald",962,7,"verified","2026-09-28 17:34:19"
10034,"Sapphire",963,7,"verified","2026-09-28 17:34:19"
10035,"Ruby",964,7,"verified","2026-09-28 17:34:19"
10036,"Black Sapphire",965,7,"verified","2026-09-28 17:34:19"
10037,"Diamond",966,7,"verified","2026-09-28 17:34:19"
10038,"Silver Ring",675,5,"verified","2026-09-28 17:34:45"
10039,"Bloodstone Ring",674,5,"verified","2026-09-28 17:34:45"
10040,"Silver Amulet",566,5,"verified","2026-09-28 17:34:45"
10041,"Mithril Earring",756,6,"verified","2026-09-28 17:34:45"
10042,"Jade Earring",715,5,"verified","2026-09-28 17:34:45"
10043,"Jade Ring",607,5,"verified","2026-09-28 17:34:45"
10044,"Golden Pendant",754,5,"verified","2026-09-28 17:34:45"
10045,"Emerald Ring",1041,5,"verified","2026-09-28 17:34:45"
10046,"Opal Bracelet",521,5,"verified","2026-09-28 17:34:45"
10047,"Mithril Amulet",752,5,"verified","2026-09-28 17:34:45"
10048,"Star Ruby Earring",1048,5,"verified","2026-09-28 17:34:45"
10049,"Fire Emerald Ring",1041,5,"verified","2026-09-28 17:34:45"
10050,"Sapphire Necklace",850,5,"verified","2026-09-28 17:34:45"
10051,"Ruby Crown",511,5,"verified","2026-09-28 17:34:45"
10053,"Jacinth",1950,7,"verified","2026-09-28 17:34:19"
10073,"Dufrenite",957,1,"unverified","2026-09-16 01:38:08"
10082,"Ivandyr's Hoop",0,3,"emerging","2026-09-28 17:34:19"
10084,"Charred Ruby",964,3,"emerging","2026-09-16 08:43:58"
10092,"Fuligan Soulstone of Innoruuk",0,2,"emerging","2026-09-28 17:34:19"
10094,"Cloudy Stone of Veeshan",0,2,"emerging","2026-09-28 17:34:19"
10101,"Sheer Bone Mask",528,2,"emerging","2026-09-16 02:35:05"
10104,"Bone Armplates",543,1,"unverified","2026-09-16 01:38:08"
10106,"Bone Legplates",540,1,"unverified","2026-09-16 01:38:08"
10107,"Batskull Earring",619,2,"emerging","2026-09-16 02:35:05"
10116,"Black Headband",0,1,"unverified","2026-09-16 02:35:05"
10120,"Stone Bracelet",509,1,"unverified","2026-09-16 01:38:08"
10121,"Stone Collar",509,2,"emerging","2026-09-16 01:38:08"
10122,"Stone Circlet",509,1,"unverified","2026-09-16 01:38:08"
10124,"Mammoth Tusks",807,1,"unverified","2026-09-16 01:38:08"
10125,"Small Mammoth Tusks",807,2,"emerging","2026-09-16 08:43:58"
10141,"Runed Cowl",0,2,"emerging","2026-09-28 17:34:19"
10142,"Crown of the Froglok Kings",0,1,"unverified","2026-09-16 08:43:58"
10146,"Chrysoberyl Talisman",0,2,"emerging","2026-09-28 17:34:19"
10147,"White Gold Necklace",0,1,"unverified","2026-09-16 08:43:58"
10148,"Serpentine Bracer",521,4,"emerging","2026-09-28 17:34:45"
10150,"Moonstone Ring",877,4,"emerging","2026-09-28 17:34:45"
10165,"Diamondine Earring",534,4,"emerging","2026-09-28 17:34:19"
10176,"Lute of the Gypsy Princess",551,2,"emerging","2026-09-28 17:34:19"
10185,"Swatch of Cryosilk",782,2,"emerging","2026-09-28 17:34:45"
10195,"Prickly Pear",6330,5,"verified","2026-09-28 17:34:45"
10216,"Petrified Erudite Heart Amulet",1003,1,"unverified","2026-09-16 01:38:08"
10217,"Death Scarab Gland",1136,2,"emerging","2026-09-28 17:34:45"
10219,"Rokyls Channelling Crystal",973,4,"emerging","2026-09-28 17:34:19"
10225,"Flame Agate",955,7,"verified","2026-09-28 17:34:45"
10229,"Essence of Wind",694,5,"verified","2026-09-28 17:34:19"
10264,"Diseased Bone Marrow",907,1,"unverified","2026-09-16 01:38:08"
10298,"Wraithstone",507,4,"emerging","2026-09-28 17:34:45"
10299,"Burned Out Lightstone",507,4,"emerging","2026-09-28 17:34:45"
10300,"Lightstone",507,2,"emerging","2026-09-16 01:38:08"
10302,"Earring of Disease Reflection",1050,4,"emerging","2026-09-28 17:34:19"
10307,"Fire Beetle Eye",859,5,"verified","2026-09-28 17:34:19"
10314,"Polished Bone Bracelet",0,1,"unverified","2026-09-16 08:43:58"
10322,"Quartz Crystal",507,1,"unverified","2026-09-16 01:38:08"
10328,"Blackened Iron Eye Totem",894,2,"emerging","2026-09-16 01:38:08"
10330,"Clay Totem",895,3,"emerging","2026-09-28 17:34:45"
10334,"Mithril Frog Totem",0,1,"unverified","2026-09-16 02:35:05"
10339,"Obsidian Bead Hoop",544,2,"emerging","2026-09-28 17:34:45"
10340,"Ring of Goblin Lords",0,1,"unverified","2026-09-16 08:43:58"
10350,"Antiqued Silver Band",880,4,"emerging","2026-09-28 17:34:45"
10351,"Brass Earring",757,2,"emerging","2026-09-16 01:38:08"
10352,"Band of Flesh",873,1,"unverified","2026-09-16 01:38:08"
10354,"Onyx Earring",544,2,"emerging","2026-09-16 01:38:08"
10359,"Collar of Undead Protection",502,1,"unverified","2026-09-16 01:38:08"
10364,"Jagged Band",0,1,"unverified","2026-09-16 08:43:58"
10366,"Djarn's Amethyst Ring",612,3,"emerging","2026-09-28 17:34:19"
10374,"Rod of Malisement",821,2,"emerging","2026-09-16 02:35:05"
10378,"Rod of Health",821,2,"emerging","2026-09-16 08:43:58"
10379,"Wand of Ice",810,1,"unverified","2026-09-16 01:38:08"
10380,"Rod of Drones",0,1,"unverified","2026-09-16 08:43:58"
10396,"Small Brick of Unrefined Ore",1138,6,"verified","2026-09-28 17:34:19"
10397,"Large Brick of Unrefined Ore",1138,2,"emerging","2026-09-28 17:34:45"
10400,"Greater Lightstone",507,1,"unverified","2026-09-16 01:38:08"
10403,"Clawed Knuckle-Ring",0,1,"unverified","2026-09-16 08:43:58"
10468,"Small Brick of High Quality Ore",1138,5,"verified","2026-09-28 17:34:19"
10469,"Large Brick of High Quality Ore",1138,4,"emerging","2026-09-28 17:34:19"
10489,"Smithy Hammer",0,1,"unverified","2026-09-28 17:34:19"
10500,"Small Piece of Ore",1135,6,"verified","2026-09-28 17:34:45"
10501,"Small Brick of Ore",1135,5,"verified","2026-09-28 17:34:45"
10502,"Large Brick of Ore",1135,3,"emerging","2026-09-16 01:38:08"
10503,"Block of Ore",1135,1,"unverified","2026-09-16 01:38:08"
10504,"Hardened Brick of Clay",1135,1,"unverified","2026-09-16 01:38:08"
10505,"Small Ball of Clay",734,5,"verified","2026-09-28 17:34:45"
10506,"Large Ball of Clay",734,3,"emerging","2026-09-16 01:38:08"
10507,"Brick of Blue Ore",1135,1,"unverified","2026-09-16 01:38:08"
10508,"Functional Force Module",964,1,"unverified","2026-09-16 01:38:08"
10509,"Broken Force Module",1076,2,"emerging","2026-09-16 01:38:08"
10510,"Functional Frost Module",945,1,"unverified","2026-09-16 01:38:08"
10511,"Broken Frost Module",1015,2,"emerging","2026-09-16 01:38:08"
10515,"Ebon Wand",809,3,"emerging","2026-09-28 17:34:45"
10516,"Barbed Bone Chips",804,2,"emerging","2026-09-16 01:38:08"
10517,"Dull Bone Chips",804,3,"emerging","2026-09-28 17:34:19"
10518,"Dark Bone Chips",804,2,"emerging","2026-09-16 01:38:08"
10519,"Iced Bone Chips",804,4,"emerging","2026-09-16 01:38:08"
10521,"Globe of Fear",507,3,"emerging","2026-09-16 01:38:08"
10523,"Eye of Urd",885,4,"emerging","2026-09-28 17:34:45"
10524,"Eye of Kor",885,3,"emerging","2026-09-28 17:34:45"
10525,"Eye of Jin",885,3,"emerging","2026-09-28 17:34:45"
10526,"Eye of Guk",885,1,"unverified","2026-09-16 01:38:08"
10529,"Shadowed Book",777,2,"emerging","2026-09-28 17:34:45"
10532,"Rune of Fortune",0,1,"unverified","2026-09-28 17:34:19"
10534,"Skeletal Finger",804,1,"unverified","2026-09-16 01:38:08"
10537,"Book of Frost",777,1,"unverified","2026-09-16 01:38:08"
10538,"Fungus Eye",885,1,"unverified","2026-09-16 01:38:08"
10543,"Stone Marker",967,4,"emerging","2026-09-28 17:34:45"
10544,"Heart of Stone",964,1,"unverified","2026-09-16 01:38:08"
10545,"Globe of Mist",507,2,"emerging","2026-09-16 01:38:08"
10558,"Darkbone Skull",1070,2,"emerging","2026-09-16 01:38:08"
10559,"Mudwater Rune",967,3,"emerging","2026-09-28 17:34:45"
10564,"Dark Boned Bracelet",505,1,"unverified","2026-09-16 01:38:08"
10566,"Rune of Ivy",967,3,"emerging","2026-09-28 17:34:45"
10624,"Essence of a Vampire",1075,4,"emerging","2026-09-28 17:34:45"
11050,"Fiery Avenger",0,1,"unverified","2026-09-28 17:34:19"
11052,"Tobrin's Mystical Eyepatch",595,3,"emerging","2026-09-28 17:34:45"
11550,"Sunderfury",736,2,"emerging","2026-09-28 17:34:45"
11551,"Shield of the Immaculate",0,2,"emerging","2026-09-16 08:43:58"
11552,"Shield of the Stalwart Seas",974,4,"emerging","2026-09-28 17:34:45"
11553,"Six Note Blade",1170,5,"verified","2026-09-28 17:34:19"
11554,"Evensong",741,3,"emerging","2026-09-28 17:34:45"
11555,"Dawnchaser",776,2,"emerging","2026-09-16 01:38:08"
11557,"Vexthorne",0,1,"unverified","2026-09-16 02:35:05"
11558,"Bloodmoon",0,2,"emerging","2026-09-28 17:34:19"
11560,"Mempo of Likato",506,4,"emerging","2026-09-28 17:34:19"
11561,"Sode of Empowerment",668,2,"emerging","2026-09-16 02:35:05"
11562,"Rakusha Cloak",621,2,"emerging","2026-09-28 17:34:19"
11563,"Tunarian Scimitar",604,1,"unverified","2026-09-16 01:38:08"
11564,"Gardash",0,1,"unverified","2026-09-28 17:34:19"
11565,"Truesight Hammer",567,2,"emerging","2026-09-28 17:34:45"
11566,"Staff of Elemental Mastery: Fire",0,1,"unverified","2026-09-16 02:35:05"
11567,"Staff of Elemental Mastery: Earth",811,3,"emerging","2026-09-28 17:34:19"
11569,"Staff of Elemental Mastery: Water",0,1,"unverified","2026-09-28 17:34:19"
11570,"Diamond Rod",821,2,"emerging","2026-09-16 08:43:58"
11571,"Encyclopedia Necrotheurgia",0,1,"unverified","2026-09-16 02:35:05"
11573,"Kelin`s Seven Stringed Lute",551,2,"emerging","2026-09-28 17:34:45"
11574,"Rod of Infinite Thought",0,1,"unverified","2026-09-16 02:35:05"
11601,"Runed Bolster Belt",563,3,"emerging","2026-09-28 17:34:45"
11602,"White Dragon Scales",0,3,"emerging","2026-09-28 17:34:19"
11603,"White Dragonscale Cloak",0,2,"emerging","2026-09-28 17:34:19"
11604,"Scimitar of the Mistwalker",0,1,"unverified","2026-09-16 08:43:58"
11606,"Dragon Bone Bracelet",505,4,"emerging","2026-09-28 17:34:45"
11607,"McVaxius` Horn of War",0,3,"emerging","2026-09-28 17:34:19"
11609,"Soul Leech, Dark Sword of Blood",519,3,"emerging","2026-09-28 17:34:45"
11610,"Crystalline Spear",0,2,"emerging","2026-09-16 08:43:58"
11611,"Warhammer of Divine Grace",567,3,"emerging","2026-09-28 17:34:19"
11621,"Cloak of Flames",658,2,"emerging","2026-09-28 17:34:19"
11622,"Red Dragon Scales",1232,4,"emerging","2026-09-28 17:34:19"
11624,"Gauntlets of Fiery Might",529,3,"emerging","2026-09-28 17:34:45"
11625,"Orb of Tishan",973,3,"emerging","2026-09-28 17:34:45"
11626,"Selo`s Drums of the March",1152,4,"emerging","2026-09-28 17:34:19"
11628,"Blight, Hammer of the Scourge",581,3,"emerging","2026-09-28 17:34:45"
11629,"Hierophant`s Crook",1083,3,"emerging","2026-09-28 17:34:19"
11630,"Gold Plated Koshigatana",575,2,"emerging","2026-09-16 02:35:05"
11631,"Prayers of Life",860,2,"emerging","2026-09-28 17:34:45"
11632,"Bladestopper",606,3,"emerging","2026-09-28 17:34:19"
11641,"Crimson Robe of Alendine",930,1,"unverified","2026-09-28 17:34:45"
11642,"Lyssa`s Darkwood Piccolo",751,3,"emerging","2026-09-28 17:34:45"
11643,"Puppet Strings",0,1,"unverified","2026-09-28 17:34:45"
11644,"Shield of Rainbow Hues",606,4,"emerging","2026-09-28 17:34:45"
11645,"Blood Fire",576,2,"emerging","2026-09-28 17:34:45"
11646,"Amulet of Necropotence",0,2,"emerging","2026-09-28 17:34:19"
11647,"Barbarian Spiritist`s Hammer",581,4,"emerging","2026-09-28 17:34:45"
11648,"DawnFire, Morning Star of Light",741,3,"emerging","2026-09-28 17:34:19"
11649,"Staff of the Earthcrafter",1083,2,"emerging","2026-09-16 02:35:05"
11650,"Staff of the Magister",0,2,"emerging","2026-09-28 17:34:19"
11661,"Bone Razor",575,3,"emerging","2026-09-28 17:34:45"
11662,"Staff of Undead Legions",887,2,"emerging","2026-09-16 02:35:05"
11663,"Spined Dragon Claws",0,2,"emerging","2026-09-16 08:43:58"
11665,"Withered Totem of Widdershins",0,1,"unverified","2026-09-16 02:35:05"
11666,"Bone-Clasped Girdle",718,2,"emerging","2026-09-28 17:34:45"
11667,"Monsoon, Sword of the Swiftwind",0,1,"unverified","2026-09-16 02:35:05"
11673,"Belt of the Four Winds",0,2,"emerging","2026-09-28 17:34:19"
11674,"Dagas",0,1,"unverified","2026-09-16 02:35:05"
11675,"Fangol",0,2,"emerging","2026-09-28 17:34:19"
11676,"Renard's Belt of Quickness",0,2,"emerging","2026-09-28 17:34:19"
11678,"Obtenebrate Mithril Guard",0,2,"emerging","2026-09-28 17:34:19"
11682,"Truvinan",0,1,"unverified","2026-09-16 02:35:05"
11683,"Espri",0,2,"emerging","2026-09-28 17:34:19"
11684,"Honeycomb Belt",0,1,"unverified","2026-09-16 02:35:05"
11685,"Nargon's Staff",0,2,"emerging","2026-09-28 17:34:19"
11686,"Solidate Mithril Ring",0,3,"emerging","2026-09-28 17:34:19"
11687,"Duennan Shielding Ring",0,1,"unverified","2026-09-16 02:35:05"
11689,"Gorgon Head Staff",0,2,"emerging","2026-09-16 08:43:58"
11694,"Garduk",0,2,"emerging","2026-09-28 17:34:19"
11696,"Windstriker",0,2,"emerging","2026-09-28 17:34:19"
11698,"Golden Sash of Tranquility",0,2,"emerging","2026-09-16 08:43:58"
11699,"Pearlescent Pauldrons",0,1,"unverified","2026-09-16 02:35:05"
11703,"Box of Abu-Kar",609,3,"emerging","2026-09-28 17:34:19"
11789,"Ice of Velious",972,6,"verified","2026-09-28 17:34:45"
11805,"Essence of Rathe",836,7,"verified","2026-09-28 17:34:19"
11939,"Finely Crafted Shan`Tok",1185,1,"unverified","2026-09-16 01:38:08"
12084,"Low Quality Cat Pelt",555,4,"emerging","2026-09-28 17:34:45"
12085,"Medium Quality Cat Pelt",555,5,"verified","2026-09-28 17:34:45"
12086,"High Quality Cat Pelt",555,4,"emerging","2026-09-28 17:34:45"
12106,"Fairy Dust",1075,1,"unverified","2026-09-16 01:38:08"
12108,"Orc Hatchet",569,1,"unverified","2026-09-16 01:38:08"
12111,"Dwarven Wire",0,1,"unverified","2026-09-28 17:34:19"
12113,"Micro Servo",912,1,"unverified","2026-09-16 01:38:08"
12114,"Tumpy Tonic",0,1,"unverified","2026-09-16 02:35:05"
12126,"Shark Bones",804,4,"emerging","2026-09-28 17:34:19"
12158,"Aviak Talon",1067,1,"unverified","2026-09-16 01:38:08"
12160,"Basilisk Tongue",1087,2,"emerging","2026-09-16 01:38:08"
12191,"Spore Mushroom",854,1,"unverified","2026-09-16 01:38:08"
12197,"Glowing Sword Hilt",6770,3,"emerging","2026-09-28 17:34:45"
12198,"Lizardman Scout Fife",751,1,"unverified","2026-09-16 01:38:08"
12206,"Kilij Plans",0,1,"unverified","2026-09-28 17:34:19"
12237,"Pestilence Scythe",0,2,"emerging","2026-09-16 08:43:58"
12240,"Pouch of Silver Dust",582,1,"unverified","2026-09-16 01:38:08"
12244,"Raw Short Sword 4",580,1,"unverified","2026-09-16 01:38:08"
12260,"Fuzzlecutter Formula 5000",0,1,"unverified","2026-09-28 17:34:19"
12286,"Decayed Chainmail",0,1,"unverified","2026-09-28 17:34:45"
12290,"Decayed Left Bracer",0,1,"unverified","2026-09-28 17:34:45"
12292,"Decayed Left Gauntlet",0,1,"unverified","2026-09-28 17:34:19"
12294,"Decayed Left Legplate",0,1,"unverified","2026-09-28 17:34:19"
12297,"Melatite",1138,1,"unverified","2026-09-16 01:38:08"
12306,"Mistmoore Granite",767,5,"verified","2026-09-28 17:34:45"
12308,"Cyclops Skull",0,1,"unverified","2026-09-28 17:34:19"
12309,"Dark Cauldron",1017,1,"unverified","2026-09-28 17:34:45"
12316,"Code of Zan Fi",789,4,"emerging","2026-09-28 17:34:45"
12318,"Raw Darkwater Piranha",799,1,"unverified","2026-09-16 01:38:08"
12320,"Broken Bow Part A",1084,1,"unverified","2026-09-16 01:38:08"
12329,"Blue Orc Head",1259,1,"unverified","2026-09-28 17:34:45"
12335,"Clump of Gorilla Hair",794,3,"emerging","2026-09-28 17:34:45"
12359,"Clockwork Oil Stout",584,1,"unverified","2026-09-16 01:38:08"
12364,"Blood Spirit",704,3,"emerging","2026-09-28 17:34:45"
12372,"Cat Skull Cap",1070,1,"unverified","2026-09-16 01:38:08"
12373,"Fractured Femur",905,1,"unverified","2026-09-16 01:38:08"
12500,"Wand of Conflagration",810,2,"emerging","2026-09-28 17:34:45"
12501,"Thulian Wand",810,2,"emerging","2026-09-28 17:34:45"
12502,"Wand of Swords",810,2,"emerging","2026-09-28 17:34:45"
12503,"Wand of Lava",810,1,"unverified","2026-09-28 17:34:45"
12504,"Wand of Souls",810,2,"emerging","2026-09-28 17:34:45"
12505,"Wand of Darkness",810,2,"emerging","2026-09-28 17:34:45"
12506,"Wand of Swiftness",810,3,"emerging","2026-09-28 17:34:45"
12507,"Wand of Allure",810,2,"emerging","2026-09-28 17:34:45"
12508,"Slowstone Amber",951,2,"emerging","2026-09-28 17:34:45"
12719,"Illegible Scroll",860,2,"emerging","2026-09-28 17:34:45"
12720,"Illegible Scroll",860,1,"unverified","2026-09-16 01:38:08"
12794,"Rile's Sand Coin",0,1,"unverified","2026-09-16 02:35:05"
12800,"Symbol of Marr",1058,7,"verified","2026-09-28 17:34:45"
12801,"Treant Tear",618,7,"verified","2026-09-28 17:34:45"
12802,"Stein of Flowing Ichor",708,6,"verified","2026-09-28 17:34:19"
12803,"Bracelet of Distortion",520,4,"emerging","2026-09-28 17:34:45"
12804,"Bracelet of Cessation",509,5,"verified","2026-09-28 17:34:45"
12805,"Bracelet of Exertion",521,5,"verified","2026-09-28 17:34:45"
12806,"Bracelet of Quiescence",1044,6,"verified","2026-09-28 17:34:45"
12844,"Cracked Femur",905,1,"unverified","2026-09-16 01:38:08"
12999,"Seahorse Scales",1015,3,"emerging","2026-09-16 01:38:08"
13005,"Iron Ration",570,6,"verified","2026-09-28 17:34:45"
13006,"Water Flask",584,6,"verified","2026-09-28 17:34:45"
13007,"Ration",570,7,"verified","2026-09-28 17:34:45"
13008,"Mead",586,5,"verified","2026-09-28 17:34:19"
13009,"Bandages",812,6,"verified","2026-09-28 17:34:45"
13016,"Bottle of Kalish",831,5,"verified","2026-09-28 17:34:45"
13018,"Short Ale",827,3,"emerging","2026-09-28 17:34:45"
13019,"Fresh Fish",775,7,"verified","2026-09-28 17:34:19"
13025,"Patch of Gnoll Fur",556,5,"verified","2026-09-28 17:34:45"
13027,"Blackburrow Gnoll Pelt",556,4,"emerging","2026-09-28 17:34:45"
13028,"Blackburrow Gnoll Skin",556,3,"emerging","2026-09-28 17:34:45"
13030,"Red Wine",704,5,"verified","2026-09-28 17:34:19"
13031,"White Wine",788,3,"emerging","2026-09-28 17:34:19"
13032,"Short Beer",828,5,"verified","2026-09-28 17:34:45"
13033,"Honey Mead",702,2,"emerging","2026-09-28 17:34:45"
13034,"Brandy",826,3,"emerging","2026-09-28 17:34:19"
13039,"Ale",710,5,"verified","2026-09-28 17:34:45"
13040,"Fish Wine",707,5,"verified","2026-09-28 17:34:19"
13041,"Spider Silk",782,7,"verified","2026-09-28 17:34:45"
13044,"Pod of Water",0,1,"unverified","2026-09-16 02:35:05"
13045,"Berries",0,1,"unverified","2026-09-16 02:35:05"
13046,"Fruit",0,1,"unverified","2026-09-16 02:35:05"
13047,"Roots",0,1,"unverified","2026-09-16 02:35:05"
13048,"Rabbit Meat",0,1,"unverified","2026-09-16 02:35:05"
13050,"Giant Rat Ear",793,4,"emerging","2026-09-16 01:38:08"
13054,"Giant Rat Pelt",554,2,"emerging","2026-09-16 01:38:08"
13055,"Giant Rat Whiskers",794,3,"emerging","2026-09-16 01:38:08"
13058,"Giant Snake Rattle",1122,5,"verified","2026-09-28 17:34:45"
13061,"Giant Bat Fur",792,5,"verified","2026-09-28 17:34:45"
13062,"Giant Bat Wing",791,5,"verified","2026-09-28 17:34:45"
13067,"Snake Fang",801,6,"verified","2026-09-28 17:34:45"
13068,"Bat Wing",791,6,"verified","2026-09-28 17:34:19"
13069,"Bat Fur",792,4,"emerging","2026-09-28 17:34:19"
13070,"Snake Scales",813,6,"verified","2026-09-28 17:34:19"
13071,"Rat Whiskers",794,5,"verified","2026-09-28 17:34:45"
13072,"Rat Ears",793,6,"verified","2026-09-28 17:34:19"
13073,"Bone Chips",804,7,"verified","2026-09-28 17:34:45"
13074,"Zombie Skin",823,5,"verified","2026-09-28 17:34:45"
13075,"Shark Skin",814,4,"emerging","2026-09-28 17:34:19"
13076,"Fish Scales",799,5,"verified","2026-09-28 17:34:45"
13077,"Minotaur Horn",807,3,"emerging","2026-09-16 08:43:58"
13080,"Tiny Dagger",0,2,"emerging","2026-09-28 17:34:19"
13085,"Chunk of Meat",817,7,"verified","2026-09-28 17:34:45"
13087,"Bottle of Milk",856,5,"verified","2026-09-28 17:34:19"
13088,"Snake Egg",871,7,"verified","2026-09-28 17:34:45"
13099,"Spiderling Silk",782,7,"verified","2026-09-28 17:34:45"
13100,"Fishing Pole",749,4,"emerging","2026-09-28 17:34:45"
13101,"Fishing Bait",766,3,"emerging","2026-09-28 17:34:19"
13106,"Fishing Grubs",0,1,"unverified","2026-09-16 02:35:05"
13107,"Black Burrow Stout",0,1,"unverified","2026-09-16 02:35:05"
13132,"Cracked Giant Scarab Carapace",927,2,"emerging","2026-09-28 17:34:45"
13133,"Pristine Giant Scarab Carapace",927,2,"emerging","2026-09-28 17:34:45"
13138,"Size 4 Gizmo",731,1,"unverified","2026-09-16 01:38:08"
13140,"Size 6 Gizmo",731,1,"unverified","2026-09-16 01:38:08"
13141,"Wasp Wing",910,1,"unverified","2026-09-16 01:38:08"
13143,"Faerie Wing",910,1,"unverified","2026-09-16 01:38:08"
13150,"Fetid Skin",823,6,"verified","2026-09-28 17:34:45"
13152,"Scare Straw",796,3,"emerging","2026-09-28 17:34:45"
13169,"Dagger of Marnek",574,4,"emerging","2026-09-28 17:34:45"
13186,"Froglok Tadpole Eye",886,3,"emerging","2026-09-28 17:34:45"
13187,"Froglok Tadpole Flesh",823,3,"emerging","2026-09-28 17:34:45"
13198,"Scrap Metal",1031,1,"unverified","2026-09-16 01:38:08"
13225,"Illegible Scroll",863,1,"unverified","2026-09-16 01:38:08"
13227,"Black Heart",1003,2,"emerging","2026-09-28 17:34:45"
13237,"Blackened Wand",809,3,"emerging","2026-09-16 01:38:08"
13238,"Blackened Sapphire",963,2,"emerging","2026-09-16 01:38:08"
13239,"Werebat Wing",791,1,"unverified","2026-09-16 01:38:08"
13250,"Fire Beetle Leg",1089,5,"verified","2026-09-28 17:34:45"
13251,"Giant Fire Beetle Eye",859,1,"unverified","2026-09-16 01:38:08"
13252,"Giant Fire Beetle Leg",1089,2,"emerging","2026-09-16 01:38:08"
13253,"Spiderling Eye",885,5,"verified","2026-09-28 17:34:45"
13254,"Spiderling Legs",1089,5,"verified","2026-09-28 17:34:45"
13255,"Giant Scarab Eye",886,3,"emerging","2026-09-28 17:34:19"
13256,"Giant Scarab Legs",1089,3,"emerging","2026-09-28 17:34:45"
13260,"Giant Wasp Venom Sac",820,1,"unverified","2026-09-16 01:38:08"
13262,"Giant Scarab Egg Sac",1136,3,"emerging","2026-09-28 17:34:45"
13270,"Infected Rat Livers",820,1,"unverified","2026-09-16 01:38:08"
13318,"Crushbone Belt",564,4,"emerging","2026-09-28 17:34:19"
13319,"Crushbone Shoulderpads",668,5,"verified","2026-09-28 17:34:45"
13326,"Bone Chips",0,1,"unverified","2026-09-28 17:34:19"
13340,"Kiola Nut",0,2,"emerging","2026-09-28 17:34:19"
13354,"Lizard Tail",1132,5,"verified","2026-09-28 17:34:45"
13367,"Mystic Doll",720,3,"emerging","2026-09-16 01:38:08"
13373,"Froglok Leg",905,5,"verified","2026-09-16 02:02:27"
13374,"Froglok Poison Gland",819,5,"verified","2026-09-16 02:02:27"
13391,"Mallet Hilt",6770,2,"emerging","2026-09-28 17:34:45"
13392,"Mallet Head",6783,3,"emerging","2026-09-28 17:34:45"
13400,"Black Tome with Silver Runes",0,2,"emerging","2026-09-16 08:43:58"
13403,"Wolf Meat",817,5,"verified","2026-09-28 17:34:19"
13404,"Bear Meat",817,5,"verified","2026-09-28 17:34:19"
13405,"Lion Meat",817,3,"emerging","2026-09-28 17:34:19"
13406,"Gator Meat",817,5,"verified","2026-09-28 17:34:45"
13407,"Mammoth Meat",817,1,"unverified","2026-09-16 01:38:08"
13408,"Rat Meat",817,5,"verified","2026-09-28 17:34:19"
13409,"Froglok Meat",817,7,"verified","2026-09-28 17:34:45"
13410,"Lizard Meat",817,6,"verified","2026-09-28 17:34:45"
13412,"Snake Meat",817,5,"verified","2026-09-28 17:34:45"
13413,"Troll Parts",817,2,"emerging","2026-09-16 01:38:08"
13417,"Spider Legs",1089,5,"verified","2026-09-28 17:34:45"
13418,"Gnome Meat",817,7,"verified","2026-09-28 17:34:45"
13419,"Vegetables",0,1,"unverified","2026-09-16 02:35:05"
13420,"Shark Meat",817,1,"unverified","2026-09-16 01:38:08"
13422,"Dark Elf Parts",817,5,"verified","2026-09-28 17:34:45"
13424,"Kobold Hide",834,5,"verified","2026-09-28 17:34:45"
13427,"Jug of Sauces",0,1,"unverified","2026-09-28 17:34:19"
13468,"Fish Fillets",0,1,"unverified","2026-09-28 17:34:19"
13499,"Bixie Parts",817,1,"unverified","2026-09-28 17:34:45"
13500,"Gnoll Hide Tome",0,1,"unverified","2026-09-16 08:43:58"
13652,"Gray Sr Apprentice Robe*",713,1,"unverified","2026-09-16 01:38:08"
13698,"Bottom of a Fractured Rune",967,3,"emerging","2026-09-16 02:35:05"
13699,"Middle of a Fractured Rune",967,1,"unverified","2026-09-16 01:38:08"
13700,"Gnoll Paw",743,2,"emerging","2026-09-16 01:38:08"
13714,"Werewolf Pelt",0,1,"unverified","2026-09-28 17:34:19"
13716,"Kerran Doll",720,3,"emerging","2026-09-16 02:02:27"
13725,"Alligator Tooth",803,1,"unverified","2026-09-16 01:38:08"
13732,"Gold Ring",615,2,"emerging","2026-09-16 01:38:08"
13733,"Copper Ring",748,4,"emerging","2026-09-28 17:34:45"
13734,"Platinum Ring",614,4,"emerging","2026-09-28 17:34:45"
13737,"Aviak Charm",0,1,"unverified","2026-09-16 08:43:58"
13738,"Top of a Fractured Rune",967,1,"unverified","2026-09-16 01:38:08"
13742,"Dark Circlet",938,1,"unverified","2026-09-16 01:38:08"
13744,"Goblin Frost Totem",895,2,"emerging","2026-09-16 01:38:08"
13746,"Werewolf Talon",0,1,"unverified","2026-09-28 17:34:19"
13748,"Kerran Toy",0,1,"unverified","2026-09-28 17:34:19"
13750,"Low Quality Bear Skin",554,2,"emerging","2026-09-28 17:34:19"
13751,"Medium Quality Bear Skin",554,3,"emerging","2026-09-16 02:35:05"
13752,"High Quality Bear Skin",554,1,"unverified","2026-09-16 01:38:08"
13753,"Low Quality Wolf Skin",553,3,"emerging","2026-09-16 02:35:05"
13754,"Medium Quality Wolf Skin",553,1,"unverified","2026-09-16 01:38:08"
13755,"High Quality Wolf Skin",553,2,"emerging","2026-09-16 02:35:05"
13756,"Thick Grizzly Bear Skin",554,4,"emerging","2026-09-28 17:34:45"
13757,"Puma Skin",555,2,"emerging","2026-09-28 17:34:45"
13758,"Black Wolf Skin",556,2,"emerging","2026-09-16 02:35:05"
13761,"Polar Bear Skin",835,1,"unverified","2026-09-16 01:38:08"
13762,"Tiger Skin",833,4,"emerging","2026-09-28 17:34:19"
13763,"Ruined Lion Skin",834,4,"emerging","2026-09-16 08:43:58"
13781,"Ruined Bear Pelt",554,6,"verified","2026-09-28 17:34:45"
13782,"Ruined Wolf Pelt",553,4,"emerging","2026-09-28 17:34:45"
13783,"Ruined Cat Pelt",555,6,"verified","2026-09-28 17:34:45"
13787,"Giant Polar Bear Skin",835,1,"unverified","2026-09-16 01:38:08"
13788,"Giant Dire Wolf Skin",835,1,"unverified","2026-09-16 01:38:08"
13790,"Left Goblin Ear",793,1,"unverified","2026-09-16 01:38:08"
13794,"Deathfist Pawn Scalp",555,2,"emerging","2026-09-16 01:38:08"
13815,"Battle Staff",601,2,"emerging","2026-09-28 17:34:45"
13845,"Illegible Cantrip",863,2,"emerging","2026-09-16 01:38:08"
13885,"Orc Pawn Pick",768,2,"emerging","2026-09-16 01:38:08"
13915,"Gnoll Fang",800,5,"verified","2026-09-28 17:34:45"
13916,"Deathfist Slashed Belt",564,2,"emerging","2026-09-16 01:38:08"
13921,"Damaged Militia Helm",550,3,"emerging","2026-09-16 08:43:58"
13927,"Cyclops Eye",859,3,"emerging","2026-09-16 01:38:08"
13942,"Dragoon Dirk",574,3,"emerging","2026-09-28 17:34:19"
13953,"Honeycomb",1069,1,"unverified","2026-09-28 17:34:45"
13967,"Wooly Fungus",855,1,"unverified","2026-09-16 01:38:08"
13974,"Jumjum Stalk",1085,1,"unverified","2026-09-16 01:38:08"
13985,"Ruby Pendant",964,1,"unverified","2026-09-16 01:38:08"
13998,"Catman Skin",834,5,"verified","2026-09-28 17:34:45"
14017,"Snake Venom Sac",818,2,"emerging","2026-09-16 01:38:08"
14018,"Spider Venom Sac",819,6,"verified","2026-09-28 17:34:19"
14019,"Bunch of Optic Nerves",794,1,"unverified","2026-09-16 01:38:08"
14021,"Fungus Spores",855,1,"unverified","2026-09-16 01:38:08"
14029,"Bixie Stinger",1123,1,"unverified","2026-09-28 17:34:45"
14109,"Widowmistress Hair",782,2,"emerging","2026-09-16 01:38:08"
14110,"Lens of Lord Soptyvr",0,1,"unverified","2026-09-16 08:43:58"
14206,"Potion of Invisibility",599,1,"unverified","2026-09-16 01:38:08"
14312,"Lizard Blood Potion",0,1,"unverified","2026-09-16 08:43:58"
14313,"Golem Metal Wand",810,5,"verified","2026-09-28 17:34:19"
14314,"Shard of Golem Stone",695,1,"unverified","2026-09-28 17:34:45"
14323,"Vial of Vampire Blood",698,3,"emerging","2026-09-28 17:34:45"
14324,"Blood of the Dhampyre",696,1,"unverified","2026-09-28 17:34:45"
14371,"Decrepit Hide",555,3,"emerging","2026-09-28 17:34:19"
14409,"Minor Potion of Antibody",0,1,"unverified","2026-09-16 02:35:05"
14410,"Minor Null Potion",0,1,"unverified","2026-09-16 02:35:05"
14411,"Minor Potion of Cold",0,1,"unverified","2026-09-16 02:35:05"
14412,"Minor Potion of Heat",0,1,"unverified","2026-09-16 02:35:05"
14413,"Minor Potion of Purity",0,1,"unverified","2026-09-16 02:35:05"
14453,"Kilva's Skin of Flame",0,1,"unverified","2026-09-16 02:35:05"
14510,"Chipped Bone Rod",810,5,"verified","2026-09-28 17:34:45"
14551,"Azure Ruby Ring",0,3,"emerging","2026-09-28 17:34:19"
14552,"Wispy Choker of Vigor",0,2,"emerging","2026-09-28 17:34:19"
14555,"Spiroc Banisher Focus",0,1,"unverified","2026-09-16 02:35:05"
14557,"Gold White Pendant",0,2,"emerging","2026-09-28 17:34:19"
14558,"Necklace of Whispering Winds",0,3,"emerging","2026-09-28 17:34:19"
14559,"Earring of Displacement",0,2,"emerging","2026-09-16 08:43:58"
14560,"Sphinx Heart Amulet",0,2,"emerging","2026-09-16 08:43:58"
14562,"Necklace of Resolution",0,1,"unverified","2026-09-16 02:35:05"
14563,"Truewind Earring",0,2,"emerging","2026-09-16 08:43:58"
14567,"Griffon Talon Necklace",0,1,"unverified","2026-09-16 02:35:05"
14568,"Thunderforged Earring",0,2,"emerging","2026-09-28 17:34:19"
14569,"Runed Wind Amulet",0,3,"emerging","2026-09-28 17:34:19"
14578,"Elixir of Greater Concentration",0,1,"unverified","2026-09-16 02:35:05"
14580,"Barbequed Erudite",816,1,"unverified","2026-09-28 17:34:45"
14581,"Odd Bone Necklace",1237,3,"emerging","2026-09-28 17:34:45"
14584,"Odd Bronze Necklace",566,4,"emerging","2026-09-28 17:34:45"
14585,"Odd Cold Iron Necklace",566,3,"emerging","2026-09-28 17:34:45"
14703,"Black Sapphire Platinum Necklace",0,1,"unverified","2026-09-16 02:35:05"
14707,"Platinum Diamond Wedding Ring",0,1,"unverified","2026-09-16 02:35:05"
14708,"Split Paw Tooth Necklace",501,5,"verified","2026-09-16 02:35:05"
14892,"Elixir of Divine Endurance",0,1,"unverified","2026-09-16 02:35:05"
14904,"Surefall Sap",0,1,"unverified","2026-09-16 02:35:05"
14921,"Plains Roots",583,1,"unverified","2026-09-16 01:38:08"
14927,"Ashweed",0,1,"unverified","2026-09-16 02:35:05"
14930,"Frost Turnip",0,1,"unverified","2026-09-16 02:35:05"
14937,"Bag of Sea Salt",0,1,"unverified","2026-09-16 02:35:05"
14947,"Alligator Eggs",0,1,"unverified","2026-09-16 02:35:05"
14950,"Basilisk Eggs",0,1,"unverified","2026-09-16 02:35:05"
14956,"Steamfont Spring Water",0,1,"unverified","2026-09-16 02:35:05"
16500,"Silver Bar",1092,1,"unverified","2026-09-16 01:38:08"
16532,"Undead Froglok Tongue",1087,6,"verified","2026-09-28 17:34:45"
16535,"Warbone Chips",804,3,"emerging","2026-09-28 17:34:19"
16536,"Evil Eye Eyestalk",820,3,"emerging","2026-09-28 17:34:19"
16538,"Griffon Feathers",909,1,"unverified","2026-09-16 01:38:08"
16539,"Hill Giant Toes",1094,3,"emerging","2026-09-28 17:34:45"
16540,"Ice Giant Toes",1094,5,"verified","2026-09-28 17:34:19"
16541,"Fire Giant Toes",1094,5,"verified","2026-09-28 17:34:45"
16542,"Mermaid Scale",998,3,"emerging","2026-09-16 01:38:08"
16543,"Cyclops Toes",1094,3,"emerging","2026-09-16 08:43:58"
16544,"Broom",889,2,"emerging","2026-09-28 17:34:19"
16545,"Shovel",891,3,"emerging","2026-09-28 17:34:19"
16546,"Torch",559,3,"emerging","2026-09-28 17:34:19"
16547,"Stein",708,2,"emerging","2026-09-16 01:38:08"
16550,"Soot Hemlock",1196,3,"emerging","2026-09-28 17:34:19"
16551,"Wolves Bane",1197,6,"verified","2026-09-28 17:34:45"
16552,"White Hellebore",1200,6,"verified","2026-09-28 17:34:45"
16555,"Tares Lichen",1200,6,"verified","2026-09-28 17:34:45"
16556,"Black Henbane",1197,7,"verified","2026-09-28 17:34:45"
16559,"Death Cap",1206,5,"verified","2026-09-28 17:34:45"
16579,"Brownie Parts",925,1,"unverified","2026-09-16 01:38:08"
16580,"Cask",0,1,"unverified","2026-09-16 02:35:05"
16581,"Bog Juice",0,1,"unverified","2026-09-16 02:35:05"
16590,"Barley",0,1,"unverified","2026-09-28 17:34:19"
16591,"Hops",0,1,"unverified","2026-09-28 17:34:19"
16592,"Grapes",0,1,"unverified","2026-09-28 17:34:19"
16593,"Rice",0,1,"unverified","2026-09-28 17:34:19"
16595,"Malt",0,1,"unverified","2026-09-28 17:34:19"
16596,"Yeast",0,1,"unverified","2026-09-28 17:34:19"
16597,"Wine Yeast",0,1,"unverified","2026-09-28 17:34:19"
16598,"Bottle",0,2,"emerging","2026-09-28 17:34:19"
16816,"Muddite Mud",1076,1,"unverified","2026-09-16 01:38:08"
16817,"Grave Mold",1201,3,"emerging","2026-09-28 17:34:19"
16822,"Snowfall Algae",1074,3,"emerging","2026-09-16 01:38:08"
16830,"Amanita Phalloide",1206,3,"emerging","2026-09-28 17:34:19"
16840,"Hamed's Ring of Tears",0,1,"unverified","2026-09-28 17:34:19"
16848,"Preserved Split Paw Eye",958,6,"verified","2026-09-28 17:34:45"
16849,"Split Paw",743,5,"verified","2026-09-28 17:34:45"
16853,"Tattered Gnomish Cloak",931,2,"emerging","2026-09-16 01:38:08"
16884,"Diamond Dust",1075,4,"emerging","2026-09-28 17:34:45"
16900,"Small Block of Clay",1135,1,"unverified","2026-09-16 01:38:08"
16901,"Block of Clay",1135,1,"unverified","2026-09-16 01:38:08"
16902,"Large Block of Clay",1135,1,"unverified","2026-09-16 01:38:08"
16905,"Metal Bits",0,2,"emerging","2026-09-28 17:34:19"
16976,"Crystallized Sulfur",1074,7,"verified","2026-09-28 17:34:19"
16977,"Shriveled Flesh",823,1,"unverified","2026-09-16 01:38:08"
16979,"Darkbone Marrow",804,4,"emerging","2026-09-28 17:34:45"
16986,"Crystallized Marrow",804,4,"emerging","2026-09-16 01:38:08"
16989,"Ichor",582,1,"unverified","2026-09-16 01:38:08"
16991,"Ashroot",583,5,"verified","2026-09-28 17:34:45"
16994,"Whore's Bane",1073,5,"verified","2026-09-28 17:34:45"
16997,"Asmag Weed",911,3,"emerging","2026-09-28 17:34:19"
17001,"Wrist Pouch",667,4,"emerging","2026-09-28 17:34:45"
17002,"Belt Pouch",561,5,"verified","2026-09-28 17:34:45"
17003,"Small Bag",539,5,"verified","2026-09-28 17:34:45"
17004,"Large Bag",539,4,"emerging","2026-09-28 17:34:45"
17005,"Backpack",565,5,"verified","2026-09-28 17:34:45"
17006,"Small Box",609,5,"verified","2026-09-28 17:34:45"
17008,"Quiver",0,1,"unverified","2026-09-16 02:35:05"
17056,"Kobold Shaman's Pouch",739,3,"emerging","2026-09-28 17:34:45"
17300,"Travelers Pouch",884,1,"unverified","2026-09-16 01:38:08"
17353,"Light Burlap Sack",689,5,"verified","2026-09-28 17:34:45"
17354,"Bag of Sewn Evil-Eye",0,2,"emerging","2026-09-16 08:43:58"
17402,"Memento Box",609,1,"unverified","2026-09-16 01:38:08"
17404,"Large Soiled Bag",0,3,"emerging","2026-09-28 17:34:45"
17701,"Kavruul`s Mystic Pouch",0,3,"emerging","2026-09-28 17:34:45"
17702,"Treasure Hunter`s Satchel",0,2,"emerging","2026-09-28 17:34:19"
17703,"Darkwood Trunk",0,2,"emerging","2026-09-28 17:34:45"
17880,"Large Sewing Kit",0,1,"unverified","2026-09-16 08:43:58"
17901,"Medicine Bag",0,1,"unverified","2026-09-16 02:35:05"
17912,"Jeweler's Kit",0,2,"emerging","2026-09-28 17:34:19"
17931,"Sparkle",0,1,"unverified","2026-09-28 17:34:19"
17970,"Blackburrow Cask",979,3,"emerging","2026-09-16 02:35:05"
18110,"Parchment of Flayed Skin",504,3,"emerging","2026-09-28 17:34:45"
18265,"Dusty Kobold Scroll",504,1,"unverified","2026-09-16 01:38:08"
18266,"Dusty Kobold Scroll",504,1,"unverified","2026-09-16 01:38:08"
18269,"Dusty Kobold Scroll",504,1,"unverified","2026-09-16 01:38:08"
18502,"Tanned Split Paw Skin",504,1,"unverified","2026-09-16 01:38:08"
18503,"Tanned Split Paw Skin",504,5,"verified","2026-09-28 17:34:45"
18504,"Tanned Splitpaw Skin",682,4,"emerging","2026-09-16 02:02:27"
18505,"Tanned Split Paw Skin",682,5,"verified","2026-09-28 17:34:45"
18506,"Tanned Split Paw Skin",682,4,"emerging","2026-09-28 17:34:45"
18507,"Tanned Split Paw Skin",682,5,"verified","2026-09-16 02:02:27"
18654,"Third Riddle for the Troll",504,1,"unverified","2026-09-16 01:38:08"
18882,"The End of an Age",778,1,"unverified","2026-09-16 01:38:08"
18936,"Sealed Note",0,1,"unverified","2026-09-16 02:35:05"
18937,"Note",0,1,"unverified","2026-09-16 02:35:05"
18947,"Sealed Note",683,1,"unverified","2026-09-28 17:34:45"
18953,"Mammoth Skin",864,1,"unverified","2026-09-16 01:38:08"
19004,"Icon of the Ardent",894,3,"emerging","2026-09-16 02:35:05"
19011,"Ingot of the Constant",0,1,"unverified","2026-09-16 08:43:58"
19012,"Icon of the Constant",894,1,"unverified","2026-09-16 01:38:08"
19032,"Basalt Drake Scales",733,3,"emerging","2026-09-16 01:38:08"
19036,"Lancer Swordfish Fin",814,3,"emerging","2026-09-16 01:38:08"
19037,"Bone Barbs",1032,2,"emerging","2026-09-16 01:38:08"
19038,"Ghoul Carrion",797,1,"unverified","2026-09-16 01:38:08"
19040,"Ogreskin Chamois",823,1,"unverified","2026-09-16 01:38:08"
19070,"Torn, Frost-Covered Book",865,4,"emerging","2026-09-28 17:34:19"
19071,"Torn, Burnt Book",865,4,"emerging","2026-09-28 17:34:19"
19076,"Bear Paw's Pelt",835,2,"emerging","2026-09-28 17:34:19"
19193,"Innothule Mushroom",854,1,"unverified","2026-09-16 01:38:08"
19194,"Armadillo Meat",817,2,"emerging","2026-09-28 17:34:45"
19195,"Armadillo Husk",680,2,"emerging","2026-09-28 17:34:45"
20017,"Shackle Key 17",1077,2,"emerging","2026-09-16 02:35:05"
20361,"Splintered Wooden Key",1081,4,"emerging","2026-09-28 17:34:45"
20362,"Charred Bone Key",1078,4,"emerging","2026-09-28 17:34:45"
20363,"Smoked Glass Key",1080,4,"emerging","2026-09-28 17:34:45"
20441,"Shiny Metal Key",0,2,"emerging","2026-09-28 17:34:19"
20442,"Dull Bone Key",1078,4,"emerging","2026-09-28 17:34:19"
20443,"Guard's Keyring",0,2,"emerging","2026-09-28 17:34:45"
20444,"Bloodstained Key",1080,3,"emerging","2026-09-28 17:34:45"
20445,"Golden Crescent Key",1077,3,"emerging","2026-09-28 17:34:45"
20467,"Chilled Tundra Root",0,1,"unverified","2026-09-16 02:35:05"
20484,"Shattered Emerald of Corruption",958,4,"emerging","2026-09-28 17:34:45"
20631,"Small Stone Key",0,1,"unverified","2026-09-16 08:43:58"
20632,"Polished Brass Key",0,1,"unverified","2026-09-16 08:43:58"
20633,"Scuffed Silver Key",0,1,"unverified","2026-09-16 08:43:58"
20634,"Cracked Glass Key",0,1,"unverified","2026-09-16 08:43:58"
20655,"Slime Blood of Cazic-Thule",526,3,"emerging","2026-09-28 17:34:45"
20656,"Eye of Innoruuk",1130,4,"emerging","2026-09-28 17:34:45"
20665,"Block of Permafrost",1138,4,"emerging","2026-09-28 17:34:45"
20677,"Ball of Everliving Golem",971,5,"verified","2026-09-28 17:34:45"
20679,"Spiroc Wingblade",588,4,"emerging","2026-09-28 17:34:45"
20700,"Silvery Ring",675,2,"emerging","2026-09-16 02:02:27"
20704,"Rusted Pauldrons",798,1,"unverified","2026-09-16 01:38:08"
20705,"Efreeti War Shield",0,2,"emerging","2026-09-28 17:34:19"
20709,"Sphinxian Ring",614,2,"emerging","2026-09-28 17:34:45"
20710,"Fae Pauldrons",0,1,"unverified","2026-09-16 02:35:05"
20711,"Efreeti War Axe",1167,3,"emerging","2026-09-28 17:34:19"
20713,"Blood Sky Ruby",0,1,"unverified","2026-09-16 02:35:05"
20722,"Bixie Sword Blade",0,1,"unverified","2026-09-16 08:43:58"
20724,"Sphinx Claw",0,1,"unverified","2026-09-16 02:35:05"
20725,"Efreeti Zweihander",0,2,"emerging","2026-09-16 08:43:58"
20726,"Golden Hilt",0,2,"emerging","2026-09-28 17:34:19"
20727,"Large Sky Diamond",966,2,"emerging","2026-09-28 17:34:45"
20729,"Worn Leather Mask",0,1,"unverified","2026-09-28 17:34:19"
20731,"Mantle of Woven Grass",665,4,"emerging","2026-09-28 17:34:19"
20733,"Spiroc Battle Staff",0,1,"unverified","2026-09-16 08:43:58"
20735,"Divine Honeycomb",0,1,"unverified","2026-09-16 02:35:05"
20737,"Ethereal Ruby",0,2,"emerging","2026-09-28 17:34:19"
20739,"Efreeti Scimitar",604,3,"emerging","2026-09-28 17:34:19"
20740,"Storm Sky Opal",960,1,"unverified","2026-09-16 01:38:08"
20742,"Grey Damask Cloak",840,1,"unverified","2026-09-16 01:38:08"
20744,"Woven Skull Cap",639,2,"emerging","2026-09-16 02:02:27"
20746,"High Quality Raiment",842,2,"emerging","2026-09-16 02:35:05"
20748,"Box of Winds",608,1,"unverified","2026-09-16 01:38:08"
20750,"Amethyst Amulet",0,3,"emerging","2026-09-28 17:34:19"
20752,"Large Sky Lapis",0,1,"unverified","2026-09-28 17:34:19"
20753,"Efreeti War Staff",601,3,"emerging","2026-09-28 17:34:19"
20757,"Ceramic Mask",528,3,"emerging","2026-09-16 08:43:58"
20761,"Large Diamond",966,3,"emerging","2026-09-28 17:34:45"
20763,"Golden Efreeti Ring",1040,1,"unverified","2026-09-16 01:38:08"
20764,"Crown of Elemental Mastery",0,1,"unverified","2026-09-16 08:43:58"
20765,"Djinni Stave",601,3,"emerging","2026-09-16 08:43:58"
20766,"Large Opal",0,1,"unverified","2026-09-28 17:34:19"
20770,"Light Cloth Mantle",665,3,"emerging","2026-09-28 17:34:45"
20772,"Silken Mask",677,3,"emerging","2026-09-16 02:35:05"
20774,"Adamantium Earring",534,2,"emerging","2026-09-16 02:35:05"
20776,"Glowing Necklace",500,1,"unverified","2026-09-16 01:38:08"
20778,"Large Sky Sapphire",0,2,"emerging","2026-09-16 08:43:58"
20779,"Efreeti Wind Staff",602,2,"emerging","2026-09-28 17:34:19"
20781,"Griffon's Beak",1098,1,"unverified","2026-09-28 17:34:45"
20783,"Black Silk Cape",842,3,"emerging","2026-09-28 17:34:19"
20785,"Fine Cloth Raiment",842,1,"unverified","2026-09-28 17:34:45"
20789,"Ring of Veeshan",765,2,"emerging","2026-09-28 17:34:19"
20790,"Gorgon Head",0,2,"emerging","2026-09-28 17:34:19"
20794,"Silken Strands",853,2,"emerging","2026-09-16 02:35:05"
20796,"Cracked Leather Eyepatch",595,3,"emerging","2026-09-28 17:34:19"
20798,"Dove Slippers",761,2,"emerging","2026-09-28 17:34:45"
20802,"Nebulous Sapphire",0,1,"unverified","2026-09-16 02:35:05"
20803,"Brass Knuckles",505,4,"emerging","2026-09-28 17:34:19"
20805,"Tear of Quellious",0,1,"unverified","2026-09-16 02:35:05"
20807,"Silver Hoop",544,2,"emerging","2026-09-16 02:35:05"
20809,"Small Shield",542,3,"emerging","2026-09-16 08:43:58"
20811,"Shiny Pauldrons",0,1,"unverified","2026-09-28 17:34:19"
20813,"Silvered Spiroc Necklace",1043,2,"emerging","2026-09-16 02:35:05"
20815,"Djinni Aura",823,1,"unverified","2026-09-16 01:38:08"
20816,"Efreeti Mace",578,4,"emerging","2026-09-28 17:34:19"
20817,"Efreeti Standard",578,4,"emerging","2026-09-28 17:34:19"
20819,"Mithril Bands",675,1,"unverified","2026-09-16 01:38:08"
20823,"Light Woolen Mantle",665,3,"emerging","2026-09-28 17:34:45"
20825,"Crude Wooden Flute",0,1,"unverified","2026-09-28 17:34:19"
20827,"Amulet of Woven Hair",754,2,"emerging","2026-09-28 17:34:19"
20829,"Glowing Diamond",966,1,"unverified","2026-09-16 02:02:27"
20830,"Efreeti War Horn",594,2,"emerging","2026-09-28 17:34:19"
20831,"Efreeti War Spear",740,3,"emerging","2026-09-28 17:34:19"
20833,"Nebulous Diamond",0,2,"emerging","2026-09-28 17:34:19"
20840,"Light Damask Mantle",0,1,"unverified","2026-09-16 02:35:05"
20842,"Corrosive Venom",0,1,"unverified","2026-09-16 02:35:05"
20843,"Bixie Essence",823,3,"emerging","2026-09-28 17:34:19"
20845,"Efreeti War Club",738,2,"emerging","2026-09-28 17:34:19"
20846,"Efreeti War Maul",903,2,"emerging","2026-09-28 17:34:19"
20847,"Symbol of Veeshan",646,2,"emerging","2026-09-28 17:34:19"
20850,"Griffon Talon",1067,1,"unverified","2026-09-16 01:38:08"
20853,"Fine Velvet Cloak",841,4,"emerging","2026-09-28 17:34:45"
20857,"White Gold Earring",535,3,"emerging","2026-09-28 17:34:19"
20858,"Efreeti Long Sword",590,2,"emerging","2026-09-28 17:34:19"
20860,"Circlet of Brambles",0,1,"unverified","2026-09-16 02:35:05"
20861,"Efreeti War Bow",597,2,"emerging","2026-09-16 02:02:27"
20863,"Shimmering Pearl",953,2,"emerging","2026-09-16 08:43:58"
20869,"Ivory Sky Diamond",966,2,"emerging","2026-09-16 02:35:05"
20870,"Efreeti Magi Staff",811,3,"emerging","2026-09-16 08:43:58"
20872,"Hazy Opal",959,1,"unverified","2026-09-16 01:38:08"
20875,"Efreeti Dirk",575,3,"emerging","2026-09-28 17:34:19"
20881,"Burnt Sash",938,6,"verified","2026-09-28 17:34:45"
20901,"Desert Tarantula Chitin",927,3,"emerging","2026-09-28 17:34:45"
20911,"Key of Swords",591,3,"emerging","2026-09-28 17:34:45"
20912,"Key of the Misplaced",807,3,"emerging","2026-09-28 17:34:45"
20913,"Key of Misfortune",998,4,"emerging","2026-09-28 17:34:45"
20914,"Key of Beasts",651,4,"emerging","2026-09-28 17:34:45"
20915,"Avian Key",1146,4,"emerging","2026-09-28 17:34:45"
20916,"Key of the Swarm",956,4,"emerging","2026-09-28 17:34:45"
20917,"Key of Scale",963,4,"emerging","2026-09-28 17:34:45"
20918,"Veeshan's Key",952,4,"emerging","2026-09-28 17:34:45"
20951,"Efreeti Statuette",895,2,"emerging","2026-09-28 17:34:19"
20973,"Stone Amulet",566,3,"emerging","2026-09-16 02:35:05"
20975,"Spiroc Air Totem",0,1,"unverified","2026-09-16 02:35:05"
20976,"Efreeti Belt",564,3,"emerging","2026-09-28 17:34:19"
20978,"Wind Tablet",1095,2,"emerging","2026-09-28 17:34:19"
20980,"Djinni War Blade",0,2,"emerging","2026-09-28 17:34:19"
20982,"Ethereal Emerald",0,2,"emerging","2026-09-28 17:34:19"
20983,"Efreeti Battle Axe",1164,2,"emerging","2026-09-16 08:43:58"
20984,"Gem of Invigoration",0,1,"unverified","2026-09-16 02:35:05"
20985,"Inlaid Choker",0,2,"emerging","2026-09-16 08:43:58"
20987,"Jester's Mask",770,5,"verified","2026-09-28 17:34:19"
20989,"Spiroc Sky Totem",0,1,"unverified","2026-09-28 17:34:19"
20991,"Fine Wool Cloak",0,1,"unverified","2026-09-16 02:35:05"
20993,"Sphinxian Circlet",1054,1,"unverified","2026-09-16 01:38:08"
20994,"Bixie Stinger",0,2,"emerging","2026-09-28 17:34:19"
20998,"Finely Crafted Amulet",753,2,"emerging","2026-09-16 08:43:58"
21963,"Barbarian Meat",817,1,"unverified","2026-09-16 01:38:08"
22120,"Sarcoscypha Fungus",1076,2,"emerging","2026-09-16 01:38:08"
22121,"Permafrost Crystals",1015,5,"verified","2026-09-28 17:34:45"
22122,"Jack-O-Lantern Fungus",854,2,"emerging","2026-09-28 17:34:19"
22123,"Russet Oxide",571,5,"verified","2026-09-28 17:34:45"
22124,"Iron Oxide",1076,5,"verified","2026-09-28 17:34:45"
22125,"Charcoal",733,5,"verified","2026-09-28 17:34:45"
22134,"Green Froglok Skin",1233,4,"emerging","2026-09-16 01:38:08"
22503,"Blue Diamond",9644,7,"verified","2026-09-28 17:34:19"
22504,"Ivory",1129,7,"verified","2026-09-28 17:34:45"
22505,"Flawless Aquamarine",946,7,"verified","2026-09-28 17:34:19"
22514,"Human Blood",1157,5,"verified","2026-09-28 17:34:45"
22517,"Drop of Mercury",585,6,"verified","2026-09-28 17:34:45"
22521,"Lava Rock",956,5,"verified","2026-09-28 17:34:45"
22523,"Swirling Mist",694,4,"emerging","2026-09-28 17:34:45"
22524,"Froglok Blood",1156,4,"emerging","2026-09-16 01:38:08"
22526,"Griffenne Blood",1157,5,"verified","2026-09-28 17:34:19"
22533,"Ice Goblin Blood",1156,2,"emerging","2026-09-16 01:38:08"
22547,"Mug of Sea Foam",829,1,"unverified","2026-09-16 01:38:08"
22570,"Necromancer Blood",1157,6,"verified","2026-09-28 17:34:45"
22799,"Kobold Meat",817,5,"verified","2026-09-28 17:34:19"
24082,"Phosphorous Powder",1075,6,"verified","2026-09-28 17:34:45"
24086,"Deepwater Ink",696,6,"verified","2026-09-28 17:34:19"
24456,"Fetid Essence",0,1,"unverified","2026-09-16 02:35:05"
24499,"Heavy Clay",1135,1,"unverified","2026-09-16 01:38:08"
26800,"Rusty Ulak",1180,4,"emerging","2026-09-28 17:34:45"
26997,"Scalp of the Ghoul Lord",1243,4,"emerging","2026-09-28 17:34:45"
27408,"Rat Eye",917,5,"verified","2026-09-28 17:34:45"
27413,"Black Wolf Tooth",800,1,"unverified","2026-09-16 01:38:08"
27538,"Crushbone Battle Plans",860,2,"emerging","2026-09-28 17:34:45"
27539,"Master Crushbone Cell Key",1081,3,"emerging","2026-09-28 17:34:45"
27540,"Sarialiyn's Lute",551,2,"emerging","2026-09-16 01:38:08"
27701,"Pauldrons of the Blue Sky",0,3,"emerging","2026-09-28 17:34:19"
27702,"Crystal Mask",0,2,"emerging","2026-09-28 17:34:19"
27703,"Shimmering Bracer of Protection",0,2,"emerging","2026-09-16 08:43:58"
27704,"Thornstinger",0,2,"emerging","2026-09-28 17:34:19"
27705,"Amulet of the Sphinx Eye",0,2,"emerging","2026-09-28 17:34:19"
27706,"Crimson Ring of the Djinni",0,3,"emerging","2026-09-28 17:34:19"
27707,"Khyldorn the Blood Drinker",0,1,"unverified","2026-09-16 02:35:05"
27708,"Aldryn, Blade of the Ocean",0,3,"emerging","2026-09-28 17:34:19"
27709,"Thelvorn, Blade of Light",0,1,"unverified","2026-09-16 02:35:05"
27710,"Amulet of the Void",0,2,"emerging","2026-09-28 17:34:19"
27711,"Rod of the Protecting Winds",0,2,"emerging","2026-09-28 17:34:19"
27712,"Bloody Griffon-Hide Wrist Guard",0,3,"emerging","2026-09-28 17:34:19"
27713,"Band of Wailing Winds",0,2,"emerging","2026-09-16 08:43:58"
27714,"Back Straps of Mastery",0,3,"emerging","2026-09-28 17:34:19"
27715,"Wu's Fist of Mastery",0,2,"emerging","2026-09-16 08:43:58"
27716,"Aegis of the Wind",0,3,"emerging","2026-09-28 17:34:19"
27717,"Pauldrons of Piety",0,2,"emerging","2026-09-28 17:34:19"
27718,"Theurgist's Star",0,2,"emerging","2026-09-28 17:34:19"
27719,"Baton of the Sky",0,2,"emerging","2026-09-28 17:34:19"
27720,"Mask of Song",0,1,"unverified","2026-09-28 17:34:19"
27721,"Mantle of the Songweaver",0,2,"emerging","2026-09-28 17:34:19"
27722,"Ervaj's Flute of Flight",0,1,"unverified","2026-09-28 17:34:19"
27723,"Amulet of the Fae",0,1,"unverified","2026-09-16 02:35:05"
27724,"Denon's Horn of Disaster",0,1,"unverified","2026-09-16 02:35:05"
27725,"Spear of Harmony",0,1,"unverified","2026-09-28 17:34:19"
27726,"Amulet of the Fang",0,3,"emerging","2026-09-28 17:34:19"
27727,"Bracelet of the Spirits",0,2,"emerging","2026-09-28 17:34:19"
27728,"Fairy-Hide Mantle",0,2,"emerging","2026-09-28 17:34:19"
27729,"Warhammer of the Wind",0,2,"emerging","2026-09-28 17:34:19"
27730,"Vermilion Sky Ring",0,3,"emerging","2026-09-28 17:34:19"
27731,"Dark Cloak of the Sky",0,2,"emerging","2026-09-28 17:34:19"
27732,"Arydryidriyorn",0,1,"unverified","2026-09-16 02:35:05"
28001,"Torn Page of Magi`kot pg. 2",504,2,"emerging","2026-09-16 01:38:08"
28002,"Torn Page of Magi`kot pg. 3",504,5,"verified","2026-09-28 17:34:45"
28022,"Rain Water",584,6,"verified","2026-09-28 17:34:45"
28027,"Torn Page of Mastery Fire",864,1,"unverified","2026-09-16 01:38:08"
28029,"Torn Page of Mastery Earth",864,2,"emerging","2026-09-16 02:35:05"
28030,"Torn Page of Mastery Water",864,1,"unverified","2026-09-16 01:38:08"
28037,"Power of Wind",0,1,"unverified","2026-09-28 17:34:19"
28043,"Elemental Binder",511,4,"emerging","2026-09-28 17:34:45"
29001,"Tainted Darksteel Breastplate",624,1,"unverified","2026-09-16 01:38:08"
30979,"Steel Knuckles",975,5,"verified","2026-09-28 17:34:45"
30980,"Rusty Knuckles",975,3,"emerging","2026-09-16 01:38:08"
30981,"Bronze Knuckles",975,5,"verified","2026-09-28 17:34:45"
30982,"Weighted Gloves",636,5,"verified","2026-09-28 17:34:45"
30983,"Worn Weighted Gloves",636,2,"emerging","2026-09-16 01:38:08"
31427,"Fleshless Skull",0,1,"unverified","2026-09-16 02:35:05"
32601,"Backpack*",0,1,"unverified","2026-09-16 08:43:58"
38709,"Velium Gemmed Rune",1467,5,"verified","2026-09-28 17:34:45"
51001,"Blackened Fungus",1106,1,"unverified","2026-09-16 01:38:08"
51009,"Cracked Skeleton Skull",1070,1,"unverified","2026-09-16 01:38:08"
51014,"Kobold Talisman",510,1,"unverified","2026-09-16 01:38:08"
51018,"Pristine Bull Alligator Hide",835,1,"unverified","2026-09-28 17:34:45"
51023,"Airborne Spores",1241,1,"unverified","2026-09-16 01:38:08"
51038,"Bull Alligator Spines",1222,1,"unverified","2026-09-28 17:34:45"
51119,"Large Section of Kobold Bone",804,4,"emerging","2026-09-28 17:34:45"
51274,"Multi-Colored Fungus",1106,1,"unverified","2026-09-16 01:38:08"
51276,"Light Colored Fungus",1136,1,"unverified","2026-09-16 01:38:08"
51277,"Black Spider Silk",782,1,"unverified","2026-09-16 01:38:08"
51278,"Pristine Spider Silk",782,2,"emerging","2026-09-16 01:38:08"
51279,"Pristine Lizard Scale",1225,1,"unverified","2026-09-16 01:38:08"
51287,"Long Lizard Tail",1222,1,"unverified","2026-09-16 01:38:08"
51289,"Black Lizard Talon",1125,1,"unverified","2026-09-16 01:38:08"
51680,"Soldier's Brooch of the Corrupt",0,1,"unverified","2026-09-28 17:34:19"
51681,"Soldier's Brooch of the Darkened",0,1,"unverified","2026-09-28 17:34:19"
51682,"Soldier's Brooch of the Stealthy",0,1,"unverified","2026-09-16 02:35:05"
52001,"Bloodneedle",0,1,"unverified","2026-09-16 08:43:58"
55212,"Tree Snake Fang",801,1,"unverified","2026-09-16 01:38:08"
55277,"Stone Silk",782,4,"emerging","2026-09-28 17:34:45"
55400,"Obsidian Drake Wing",791,3,"emerging","2026-09-16 01:38:08"
55601,"Shadow Rage Helm",746,3,"emerging","2026-09-28 17:34:45"
55602,"Shadow Rage Tunic",538,1,"unverified","2026-09-28 17:34:45"
55603,"Shadow Rage Sleeves",622,6,"verified","2026-09-28 17:34:45"
55604,"Shadow Rage Wristguard",620,4,"emerging","2026-09-28 17:34:45"
55605,"Shadow Rage Gloves",526,1,"unverified","2026-09-28 17:34:45"
55606,"Shadow Rage Leggings",630,3,"emerging","2026-09-28 17:34:45"
55607,"Shadow Rage Boots",524,1,"unverified","2026-09-28 17:34:45"
60011,"Necromancer Meat",817,3,"emerging","2026-09-28 17:34:45"
60012,"Necromancer Blood",1156,5,"verified","2026-09-28 17:34:45"
60013,"Goblin Meat",817,1,"unverified","2026-09-16 01:38:08"
60015,"Bat Meat",817,3,"emerging","2026-09-28 17:34:45"
60016,"Bat Blood",1159,3,"emerging","2026-09-16 01:38:08"
60024,"Spiderling Meat",815,1,"unverified","2026-09-16 01:38:08"
60026,"Cracked Aquamarine",946,1,"unverified","2026-09-16 01:38:08"
60029,"Fungus Remains",823,1,"unverified","2026-09-16 01:38:08"
60030,"Fungalia Root",583,1,"unverified","2026-09-16 01:38:08"
60034,"Troll Basher Insignia",936,4,"emerging","2026-09-28 17:34:45"
60035,"Troll Greenblood Insignia",939,4,"emerging","2026-09-28 17:34:45"
60036,"Teir`Dal Priest Insignia",937,4,"emerging","2026-09-28 17:34:45"
60037,"Teir`Dal Arcane Insignia",935,4,"emerging","2026-09-28 17:34:45"
60039,"Soldier's Brooch of the Robust",0,1,"unverified","2026-09-28 17:34:19"
60041,"Soldier's Brooch of the Spirited",0,1,"unverified","2026-09-28 17:34:19"
60042,"Soldier's Brooch of the Arcane",0,1,"unverified","2026-09-28 17:34:19"
60328,"Familiar Ring",674,5,"verified","2026-09-28 17:34:45"
61007,"Mechanical Light Emitter",1026,1,"unverified","2026-09-16 01:38:08"
61008,"Crab Spiderling Eye",886,1,"unverified","2026-09-16 01:38:08"
63089,"Tattered Codex",0,1,"unverified","2026-09-16 02:35:05"
63092,"Blackrock Lichen",1202,1,"unverified","2026-09-16 01:38:08"
63093,"Dry Eye Weed",1201,3,"emerging","2026-09-28 17:34:45"
63095,"Winter Lilly",1200,1,"unverified","2026-09-16 01:38:08"
63100,"Gnoll Tongue",1087,3,"emerging","2026-09-16 02:02:27"
63109,"Lizardman Claws",907,3,"emerging","2026-09-28 17:34:45"
63110,"Lizardman Fang",801,3,"emerging","2026-09-28 17:34:45"
63111,"Lizardman Scales",1233,4,"emerging","2026-09-28 17:34:45"
65431,"Minotaur Blood",1157,1,"unverified","2026-09-16 01:38:08"
77691,"Tuft of Grizzly Bear Fur",0,1,"unverified","2026-09-16 02:35:05"
77696,"Tuft of Fox Fur",0,1,"unverified","2026-09-16 02:35:05"
148590,"Mote of Infinitesimal Potential",10266,6,"verified","2026-09-28 17:34:45"
148591,"Mote of Minor Potential",10254,6,"verified","2026-09-28 17:34:45"
148592,"Mote of Lesser Potential",10250,6,"verified","2026-09-28 17:34:45"
148593,"Mote of Potential",10308,6,"verified","2026-09-28 17:34:45"
148594,"Mote of Major Potential",10306,6,"verified","2026-09-28 17:34:45"
148595,"Mote of Greater Potential",10272,6,"verified","2026-09-28 17:34:45"
148596,"Mote of Superior Potential",10273,6,"verified","2026-09-28 17:34:45"
148597,"Mote of Grand Potential",10275,2,"emerging","2026-09-28 17:34:45"
148598,"Mote of Ascendant Potential",10279,1,"unverified","2026-09-16 01:38:08"
177706,"Rambunctious Pet's Skull",1070,2,"emerging","2026-09-16 01:38:08"
177712,"Armor Ornamentation Token",0,1,"unverified","2026-09-16 02:35:05"
177744,"Fragile Pet's Skull",1070,2,"emerging","2026-09-16 01:38:08"
177750,"Lightweight Bag",0,1,"unverified","2026-09-28 17:34:19"
177751,"Spacious Rucksack",0,2,"emerging","2026-09-28 17:34:19"
177752,"Storage Trunk",0,1,"unverified","2026-09-28 17:34:19"
177754,"Windhowl",0,1,"unverified","2026-09-16 02:35:05"
177755,"Spirit Render",0,1,"unverified","2026-09-16 02:35:05"
177756,"Skycleaver",0,2,"emerging","2026-09-28 17:34:19"
177759,"Sash of Ferocity",0,1,"unverified","2026-09-28 17:34:19"
177760,"Molten Coil",0,2,"emerging","2026-09-28 17:34:19"
177761,"Spiroc Beak Earcuff",0,2,"emerging","2026-09-28 17:34:19"
177762,"Griffin-Hide Armguards",0,1,"unverified","2026-09-16 02:35:05"
177764,"Blood-Drawn Runes",0,2,"emerging","2026-09-28 17:34:19"
177765,"Azarack Skin Wristwraps",0,2,"emerging","2026-09-16 08:43:58"
177767,"Torrid Corruptor",0,3,"emerging","2026-09-28 17:34:19"
177772,"Thaumaturgist's Sash",533,4,"emerging","2026-09-16 02:35:05"
177773,"The Baron's Blade",590,6,"verified","2026-09-28 17:34:45"
177774,"Skeletal Rod",905,5,"verified","2026-09-28 17:34:45"
177775,"Wind Rune Lena",966,6,"verified","2026-09-28 17:34:45"
177776,"Wind Rune Meda",966,6,"verified","2026-09-28 17:34:45"
177777,"Wind Rune Neza",966,6,"verified","2026-09-28 17:34:45"
177778,"Wind Rune Ozah",966,5,"verified","2026-09-28 17:34:45"
177779,"Wind Rune Kala",966,6,"verified","2026-09-28 17:34:45"
177780,"Wind Rune Azia",966,6,"verified","2026-09-28 17:34:45"
177781,"Wind Rune Beza",966,6,"verified","2026-09-28 17:34:45"
177782,"Wind Rune Caza",966,6,"verified","2026-09-28 17:34:45"
177783,"Wind Rune Dena",966,5,"verified","2026-09-28 17:34:45"
177784,"Wind Rune Ena",966,5,"verified","2026-09-28 17:34:45"
177785,"Wind Rune Fana",966,6,"verified","2026-09-28 17:34:45"
177786,"Wind Rune Geza",966,6,"verified","2026-09-28 17:34:45"
177787,"Wind Rune Heda",966,6,"verified","2026-09-28 17:34:45"
177788,"Wind Rune Izah",966,6,"verified","2026-09-28 17:34:45"
177789,"Wind Rune Jaka",966,6,"verified","2026-09-28 17:34:45"
177794,"Azarack Skin",1232,2,"emerging","2026-09-16 02:35:05"
177795,"Midnight Clad Straps",838,2,"emerging","2026-09-28 17:34:45"
177796,"Midnight Clad Armbands",634,6,"verified","2026-09-28 17:34:45"
177797,"Midnight Clad Wristbands",637,5,"verified","2026-09-28 17:34:45"
177798,"Midnight Clad Fistwraps",636,2,"emerging","2026-09-28 17:34:45"
177799,"Midnight Clad Leggings",635,6,"verified","2026-09-28 17:34:45"
177800,"Midnight Clad Footwraps",633,3,"emerging","2026-09-28 17:34:45"
177801,"Midnight Clad Headband",595,5,"verified","2026-09-28 17:34:45"
177804,"Crude Arrow",1039,3,"emerging","2026-09-28 17:34:45"
177805,"Raw-Hide Arm Guard",637,1,"unverified","2026-09-16 01:38:08"
177806,"Bark Splinted Shoulderpads",0,2,"emerging","2026-09-28 17:34:19"
177807,"Darkpaw Sash",0,1,"unverified","2026-09-28 17:34:19"
177809,"Runed Shawl",0,1,"unverified","2026-09-28 17:34:45"
177810,"Spiked Buckler",759,2,"emerging","2026-09-28 17:34:19"
177811,"Ill-Fitting Slippers",666,2,"emerging","2026-09-16 01:38:08"
177813,"Dark Runed Leggings",631,1,"unverified","2026-09-16 01:38:08"
177815,"Keg Mallet",581,2,"emerging","2026-09-16 01:38:08"
177817,"Runed Sabertooth Girdle",533,4,"emerging","2026-09-16 02:35:05"
177818,"Hardened Bark Breastplate",624,1,"unverified","2026-09-16 01:38:08"
177819,"Sharpshooter's Bandana",939,3,"emerging","2026-09-16 02:35:05"
177820,"Sabertooth Short Bow",597,2,"emerging","2026-09-16 01:38:08"
177823,"Refugee Shroud",664,2,"emerging","2026-09-16 02:35:05"
177824,"Sharp Claws",975,1,"unverified","2026-09-16 01:38:08"
177828,"Scribbled Prisoner's Note",504,1,"unverified","2026-09-16 01:38:08"
177829,"The Tenderizer",1117,3,"emerging","2026-09-28 17:34:19"
177830,"Kitchen Toolbelt",560,5,"verified","2026-09-28 17:34:19"
177831,"Officer's Gauntlets",531,3,"emerging","2026-09-16 08:43:58"
177833,"Dark Mail Mittens",526,3,"emerging","2026-09-28 17:34:19"
177834,"Emissary Mask",0,1,"unverified","2026-09-16 08:43:58"
177835,"Traveling Sollerets",0,1,"unverified","2026-09-28 17:34:19"
177837,"Sword of the Lost",590,4,"emerging","2026-09-28 17:34:19"
177838,"Signet Ring of the Lost Crusader",613,5,"verified","2026-09-28 17:34:19"
177839,"Drop of Crystallized Flame",1050,2,"emerging","2026-09-16 02:35:05"
177840,"Flaming Fist",971,2,"emerging","2026-09-16 02:35:05"
177842,"Crimson Cape",658,1,"unverified","2026-09-16 01:38:08"
177850,"Wood Elf Scout Shoes",1566,1,"unverified","2026-09-28 17:34:45"
177851,"Wood Elf Scout Bauble",566,1,"unverified","2026-09-16 01:38:08"
177853,"Bandolier of Teeth",3609,3,"emerging","2026-09-28 17:34:45"
177854,"Headsplitter",1166,2,"emerging","2026-09-16 01:38:08"
177856,"Armband of Serrated Teeth",548,1,"unverified","2026-09-16 01:38:08"
177857,"Rib-bone Stiletto",1769,1,"unverified","2026-09-16 01:38:08"
177858,"Spiky Splintmail",0,1,"unverified","2026-09-28 17:34:19"
177860,"Grimy Black Silk Robe",1575,4,"emerging","2026-09-28 17:34:19"
177863,"Deterioriated Ancient Faydark Longbow",1330,2,"emerging","2026-09-16 01:38:08"
177865,"Crushbone Fetish",1070,2,"emerging","2026-09-16 01:38:08"
177866,"Ornament of the Oracle",0,1,"unverified","2026-09-28 17:34:19"
177867,"Crown of Crush",5182,2,"emerging","2026-09-28 17:34:19"
177868,"Slave Trammels",5638,4,"emerging","2026-09-28 17:34:19"
177869,"Slaver`s Lash",3813,4,"emerging","2026-09-28 17:34:19"
177901,"Spider Silk Cap",639,1,"unverified","2026-09-16 01:38:08"
177902,"Darkspun Shroud",664,1,"unverified","2026-09-16 01:38:08"
177914,"Nisch Mas Ilkvel",676,1,"unverified","2026-09-16 01:38:08"
177915,"Cap of Mending",641,4,"emerging","2026-09-16 02:35:05"
177917,"Brutish Breastplate",624,2,"emerging","2026-09-28 17:34:19"
177918,"Verishe Mal Greataxe",1166,3,"emerging","2026-09-28 17:34:45"
177919,"Verishe Bracer of Dominance",0,2,"emerging","2026-09-28 17:34:19"
177920,"Splitpaw Keepsake Ring",748,1,"unverified","2026-09-16 01:38:08"
177921,"Looted Channeler's Gloves",517,1,"unverified","2026-09-16 01:38:08"
177927,"New Sebilisian Bindings",0,1,"unverified","2026-09-16 08:43:58"
177929,"Desecrated Kejaar Totem",895,3,"emerging","2026-09-28 17:34:45"
177930,"Heretic Insurrection Orders",868,4,"emerging","2026-09-28 17:34:45"
177931,"Talisman of Kejaar Kerrath",0,2,"emerging","2026-09-28 17:34:19"
177935,"Blood Wine",704,3,"emerging","2026-09-28 17:34:45"
177936,"Wine Thief",0,3,"emerging","2026-09-28 17:34:19"
177937,"Gilded Mistmoore Visor",772,5,"verified","2026-09-28 17:34:45"
177938,"Mistmoore Heirloom Ring",0,2,"emerging","2026-09-28 17:34:19"
177939,"Veil of Silence",677,3,"emerging","2026-09-28 17:34:45"
177940,"Rod of Understanding",0,1,"unverified","2026-09-16 08:43:58"
177941,"Visage of the Gargoyle",0,1,"unverified","2026-09-16 08:43:58"
177943,"Maid's Stockings",0,1,"unverified","2026-09-28 17:34:19"
177944,"Fleeting Memory",598,5,"verified","2026-09-28 17:34:45"
177945,"Tarnished Ancient Tiara",511,3,"emerging","2026-09-28 17:34:19"
177946,"Cherista's Fangs",1179,3,"emerging","2026-09-28 17:34:19"
177969,"Cursed Blade",590,1,"unverified","2026-09-16 01:38:08"
177970,"Dark Plate Leggings",845,1,"unverified","2026-09-16 01:38:08"
177971,"Brewer's Mittens",526,2,"emerging","2026-09-28 17:34:45"
177972,"Brewer's Bracer",620,2,"emerging","2026-09-28 17:34:45"
177976,"Scaredy Cap",0,1,"unverified","2026-09-16 08:43:58"
